"filename", "language", "D", "C++", "C", "Markdown", "YAML", "XML", "Shell Script", "Python", "JSON", "Objective-C", "Properties", "comment", "blank", "total"
"/home/roman/X11F/source/.appveyor.yml", "YAML", 0, 0, 0, 0, 83, 0, 0, 0, 0, 0, 0, 0, 1, 84
"/home/roman/X11F/source/CODE_OF_CONDUCT.md", "Markdown", 0, 0, 0, 1, 0, 0, 0, 0, 0, 0, 0, 0, 1, 2
"/home/roman/X11F/source/CODE_OVERVIEW.md", "Markdown", 0, 0, 0, 253, 0, 0, 0, 0, 0, 0, 0, 0, 62, 315
"/home/roman/X11F/source/CONTRIBUTING.md", "Markdown", 0, 0, 0, 12, 0, 0, 0, 0, 0, 0, 0, 0, 7, 19
"/home/roman/X11F/source/CoC.md", "Markdown", 0, 0, 0, 1, 0, 0, 0, 0, 0, 0, 0, 0, 1, 2
"/home/roman/X11F/source/HISTORY.md", "Markdown", 0, 0, 0, 171, 0, 0, 0, 0, 0, 0, 0, 0, 59, 230
"/home/roman/X11F/source/README.md", "Markdown", 0, 0, 0, 69, 0, 0, 0, 0, 0, 0, 0, 0, 55, 124
"/home/roman/X11F/source/Xext/bigreq.d", "D", 27, 0, 0, 0, 0, 0, 0, 0, 0, 0, 0, 30, 11, 68
"/home/roman/X11F/source/Xext/damage/damageext.d", "D", 525, 0, 0, 0, 0, 0, 0, 0, 0, 0, 0, 42, 115, 682
"/home/roman/X11F/source/Xext/damage/damageext_priv.d", "D", 7, 0, 0, 0, 0, 0, 0, 0, 0, 0, 0, 28, 7, 42
"/home/roman/X11F/source/Xext/dpms.d", "D", 388, 0, 0, 0, 0, 0, 0, 0, 0, 0, 0, 42, 72, 502
"/home/roman/X11F/source/Xext/dpmsproc.d", "D", 13, 0, 0, 0, 0, 0, 0, 0, 0, 0, 0, 1, 8, 22
"/home/roman/X11F/source/Xext/dri2/dri2.d", "D", 1137, 0, 0, 0, 0, 0, 0, 0, 0, 0, 0, 141, 279, 1557
"/home/roman/X11F/source/Xext/dri2/dri2_priv.d", "D", 8, 0, 0, 0, 0, 0, 0, 0, 0, 0, 0, 5, 5, 18
"/home/roman/X11F/source/Xext/dri2/dri2ext.d", "D", 404, 0, 0, 0, 0, 0, 0, 0, 0, 0, 0, 60, 120, 584
"/home/roman/X11F/source/Xext/dri2/dri2int.d", "D", 5, 0, 0, 0, 0, 0, 0, 0, 0, 0, 0, 25, 5, 35
"/home/roman/X11F/source/Xext/dri2/pci_ids/i810_pci_ids.h", "C++", 0, 5, 0, 0, 0, 0, 0, 0, 0, 0, 0, 0, 2, 7
"/home/roman/X11F/source/Xext/dri2/pci_ids/i915_pci_ids.h", "C++", 0, 16, 0, 0, 0, 0, 0, 0, 0, 0, 0, 0, 2, 18
"/home/roman/X11F/source/Xext/dri2/pci_ids/i965_pci_ids.h", "C++", 0, 251, 0, 0, 0, 0, 0, 0, 0, 0, 0, 0, 2, 253
"/home/roman/X11F/source/Xext/dri2/pci_ids/pci_id_driver_map.h", "C++", 0, 54, 0, 0, 0, 0, 0, 0, 0, 0, 0, 0, 13, 67
"/home/roman/X11F/source/Xext/dri2/pci_ids/pci_id_util.h", "C++", 0, 4, 0, 0, 0, 0, 0, 0, 0, 0, 0, 0, 3, 7
"/home/roman/X11F/source/Xext/dri2/pci_ids/r200_pci_ids.h", "C++", 0, 22, 0, 0, 0, 0, 0, 0, 0, 0, 0, 0, 5, 27
"/home/roman/X11F/source/Xext/dri2/pci_ids/r300_pci_ids.h", "C++", 0, 206, 0, 0, 0, 0, 0, 0, 0, 0, 0, 0, 24, 230
"/home/roman/X11F/source/Xext/dri2/pci_ids/r600_pci_ids.h", "C++", 0, 305, 0, 0, 0, 0, 0, 0, 0, 0, 0, 0, 25, 330
"/home/roman/X11F/source/Xext/dri2/pci_ids/radeon_pci_ids.h", "C++", 0, 21, 0, 0, 0, 0, 0, 0, 0, 0, 0, 0, 5, 26
"/home/roman/X11F/source/Xext/dri2/pci_ids/radeonsi_pci_ids.h", "C++", 0, 217, 0, 0, 0, 0, 0, 0, 0, 0, 0, 0, 23, 240
"/home/roman/X11F/source/Xext/dri2/pci_ids/virtio_gpu_pci_ids.h", "C++", 0, 3, 0, 0, 0, 0, 0, 0, 0, 0, 0, 0, 2, 5
"/home/roman/X11F/source/Xext/dri2/pci_ids/vmwgfx_pci_ids.h", "C++", 0, 2, 0, 0, 0, 0, 0, 0, 0, 0, 0, 0, 2, 4
"/home/roman/X11F/source/Xext/geext.d", "D", 83, 0, 0, 0, 0, 0, 0, 0, 0, 0, 0, 62, 34, 179
"/home/roman/X11F/source/Xext/geext_priv.d", "D", 6, 0, 0, 0, 0, 0, 0, 0, 0, 0, 0, 13, 6, 25
"/home/roman/X11F/source/Xext/hashtable.d", "D", 242, 0, 0, 0, 0, 0, 0, 0, 0, 0, 0, 18, 42, 302
"/home/roman/X11F/source/Xext/namespace/config.c", "C", 0, 0, 166, 0, 0, 0, 0, 0, 0, 0, 0, 8, 36, 210
"/home/roman/X11F/source/Xext/namespace/hook-client.c", "C", 0, 0, 24, 0, 0, 0, 0, 0, 0, 0, 0, 2, 10, 36
"/home/roman/X11F/source/Xext/namespace/hook-clientstate.c", "C", 0, 0, 42, 0, 0, 0, 0, 0, 0, 0, 0, 2, 12, 56
"/home/roman/X11F/source/Xext/namespace/hook-device.c", "C", 0, 0, 54, 0, 0, 0, 0, 0, 0, 0, 0, 1, 10, 65
"/home/roman/X11F/source/Xext/namespace/hook-ext-access.c", "C", 0, 0, 49, 0, 0, 0, 0, 0, 0, 0, 0, 6, 13, 68
"/home/roman/X11F/source/Xext/namespace/hook-ext-dispatch.c", "C", 0, 0, 95, 0, 0, 0, 0, 0, 0, 0, 0, 5, 16, 116
"/home/roman/X11F/source/Xext/namespace/hook-init-rootwindow.c", "C", 0, 0, 52, 0, 0, 0, 0, 0, 0, 0, 0, 3, 18, 73
"/home/roman/X11F/source/Xext/namespace/hook-property.c", "C", 0, 0, 36, 0, 0, 0, 0, 0, 0, 0, 0, 0, 12, 48
"/home/roman/X11F/source/Xext/namespace/hook-receive.c", "C", 0, 0, 62, 0, 0, 0, 0, 0, 0, 0, 0, 1, 12, 75
"/home/roman/X11F/source/Xext/namespace/hook-resource.c", "C", 0, 0, 104, 0, 0, 0, 0, 0, 0, 0, 0, 14, 26, 144
"/home/roman/X11F/source/Xext/namespace/hook-selection.c", "C", 0, 0, 42, 0, 0, 0, 0, 0, 0, 0, 0, 14, 13, 69
"/home/roman/X11F/source/Xext/namespace/hook-send.c", "C", 0, 0, 36, 0, 0, 0, 0, 0, 0, 0, 0, 5, 13, 54
"/home/roman/X11F/source/Xext/namespace/hook-server.c", "C", 0, 0, 28, 0, 0, 0, 0, 0, 0, 0, 0, 0, 11, 39
"/home/roman/X11F/source/Xext/namespace/hook-windowproperty.c", "C", 0, 0, 31, 0, 0, 0, 0, 0, 0, 0, 0, 4, 11, 46
"/home/roman/X11F/source/Xext/namespace/hooks.h", "C++", 0, 36, 0, 0, 0, 0, 0, 0, 0, 0, 0, 0, 7, 43
"/home/roman/X11F/source/Xext/namespace/namespace.c", "C", 0, 0, 77, 0, 0, 0, 0, 0, 0, 0, 0, 3, 18, 98
"/home/roman/X11F/source/Xext/namespace/namespace.h", "C++", 0, 68, 0, 0, 0, 0, 0, 0, 0, 0, 0, 0, 15, 83
"/home/roman/X11F/source/Xext/panoramiX.d", "D", 976, 0, 0, 0, 0, 0, 0, 0, 0, 0, 0, 108, 225, 1309
"/home/roman/X11F/source/Xext/panoramiXh.d", "D", 64, 0, 0, 0, 0, 0, 0, 0, 0, 0, 0, 4, 9, 77
"/home/roman/X11F/source/Xext/panoramiXprocs.d", "D", 2054, 0, 0, 0, 0, 0, 0, 0, 0, 0, 0, 69, 539, 2662
"/home/roman/X11F/source/Xext/panoramiXsrv.d", "D", 36, 0, 0, 0, 0, 0, 0, 0, 0, 0, 0, 10, 12, 58
"/home/roman/X11F/source/Xext/px.d", "D", 60, 0, 0, 0, 0, 0, 0, 0, 0, 0, 0, 50, 15, 125
"/home/roman/X11F/source/Xext/px.h", "C++", 0, 60, 0, 0, 0, 0, 0, 0, 0, 0, 0, 49, 15, 124
"/home/roman/X11F/source/Xext/saver.d", "D", 1093, 0, 0, 0, 0, 0, 0, 0, 0, 0, 0, 79, 162, 1334
"/home/roman/X11F/source/Xext/security.d", "D", 621, 0, 0, 0, 0, 0, 0, 0, 0, 0, 0, 228, 159, 1008
"/home/roman/X11F/source/Xext/securitysrv.d", "D", 24, 0, 0, 0, 0, 0, 0, 0, 0, 0, 0, 33, 11, 68
"/home/roman/X11F/source/Xext/shape.d", "D", 819, 0, 0, 0, 0, 0, 0, 0, 0, 0, 0, 68, 118, 1005
"/home/roman/X11F/source/Xext/shm.d", "D", 1159, 0, 0, 0, 0, 0, 0, 0, 0, 0, 0, 65, 178, 1402
"/home/roman/X11F/source/Xext/shm_priv.d", "D", 21, 0, 0, 0, 0, 0, 0, 0, 0, 0, 0, 5, 6, 32
"/home/roman/X11F/source/Xext/sleepuntil.d", "D", 130, 0, 0, 0, 0, 0, 0, 0, 0, 0, 0, 34, 27, 191
"/home/roman/X11F/source/Xext/sync.d", "D", 1637, 0, 0, 0, 0, 0, 0, 0, 0, 0, 0, 410, 420, 2467
"/home/roman/X11F/source/Xext/syncsrv.d", "D", 70, 0, 0, 0, 0, 0, 0, 0, 0, 0, 0, 52, 25, 147
"/home/roman/X11F/source/Xext/xace.d", "D", 130, 0, 0, 0, 0, 0, 0, 0, 0, 0, 0, 54, 26, 210
"/home/roman/X11F/source/Xext/xacestr.d", "D", 49, 0, 0, 0, 0, 0, 0, 0, 0, 0, 0, 24, 10, 83
"/home/roman/X11F/source/Xext/xcmisc.d", "D", 82, 0, 0, 0, 0, 0, 0, 0, 0, 0, 0, 30, 25, 137
"/home/roman/X11F/source/Xext/xf86bigfont.d", "D", 541, 0, 0, 0, 0, 0, 0, 0, 0, 0, 0, 117, 98, 756
"/home/roman/X11F/source/Xext/xf86bigfontsrv.d", "D", 6, 0, 0, 0, 0, 0, 0, 0, 0, 0, 0, 23, 6, 35
"/home/roman/X11F/source/Xext/xres.d", "D", 559, 0, 0, 0, 0, 0, 0, 0, 0, 0, 0, 188, 127, 874
"/home/roman/X11F/source/Xext/xselinux.d", "D", 114, 0, 0, 0, 0, 0, 0, 0, 0, 0, 0, 21, 16, 151
"/home/roman/X11F/source/Xext/xselinux_ext.d", "D", 417, 0, 0, 0, 0, 0, 0, 0, 0, 0, 0, 33, 87, 537
"/home/roman/X11F/source/Xext/xselinux_hooks.d", "D", 734, 0, 0, 0, 0, 0, 0, 0, 0, 0, 0, 109, 143, 986
"/home/roman/X11F/source/Xext/xselinux_label.d", "D", 265, 0, 0, 0, 0, 0, 0, 0, 0, 0, 0, 63, 58, 386
"/home/roman/X11F/source/Xext/xselinuxint.d", "D", 482, 0, 0, 0, 0, 0, 0, 0, 0, 0, 0, 39, 32, 553
"/home/roman/X11F/source/Xext/xtest.d", "D", 480, 0, 0, 0, 0, 0, 0, 0, 0, 0, 0, 88, 85, 653
"/home/roman/X11F/source/Xext/xvdisp.d", "D", 1022, 0, 0, 0, 0, 0, 0, 0, 0, 0, 0, 41, 254, 1317
"/home/roman/X11F/source/Xext/xvdix_priv.d", "D", 41, 0, 0, 0, 0, 0, 0, 0, 0, 0, 0, 8, 22, 71
"/home/roman/X11F/source/Xext/xvmain.d", "D", 613, 0, 0, 0, 0, 0, 0, 0, 0, 0, 0, 128, 240, 981
"/home/roman/X11F/source/Xext/xvmc.d", "D", 603, 0, 0, 0, 0, 0, 0, 0, 0, 0, 0, 16, 159, 778
"/home/roman/X11F/source/Xi/XIstubs.d", "D", 11, 0, 0, 0, 0, 0, 0, 0, 0, 0, 0, 24, 8, 43
"/home/roman/X11F/source/Xi/allowev.d", "D", 43, 0, 0, 0, 0, 0, 0, 0, 0, 0, 0, 57, 10, 110
"/home/roman/X11F/source/Xi/chgdctl.d", "D", 133, 0, 0, 0, 0, 0, 0, 0, 0, 0, 0, 62, 21, 216
"/home/roman/X11F/source/Xi/chgfctl.d", "D", 343, 0, 0, 0, 0, 0, 0, 0, 0, 0, 0, 86, 61, 490
"/home/roman/X11F/source/Xi/chgkbd.d", "D", 17, 0, 0, 0, 0, 0, 0, 0, 0, 0, 0, 57, 8, 82
"/home/roman/X11F/source/Xi/chgkmap.d", "D", 27, 0, 0, 0, 0, 0, 0, 0, 0, 0, 0, 57, 12, 96
"/home/roman/X11F/source/Xi/chgprop.d", "D", 51, 0, 0, 0, 0, 0, 0, 0, 0, 0, 0, 57, 16, 124
"/home/roman/X11F/source/Xi/chgptr.d", "D", 18, 0, 0, 0, 0, 0, 0, 0, 0, 0, 0, 57, 9, 84
"/home/roman/X11F/source/Xi/closedev.d", "D", 55, 0, 0, 0, 0, 0, 0, 0, 0, 0, 0, 72, 21, 148
"/home/roman/X11F/source/Xi/devbell.d", "D", 67, 0, 0, 0, 0, 0, 0, 0, 0, 0, 0, 57, 11, 135
"/home/roman/X11F/source/Xi/exevents.d", "D", 2302, 0, 0, 0, 0, 0, 0, 0, 0, 0, 0, 486, 442, 3230
"/home/roman/X11F/source/Xi/exglobals.d", "D", 45, 0, 0, 0, 0, 0, 0, 0, 0, 0, 0, 30, 11, 86
"/home/roman/X11F/source/Xi/extinit.d", "D", 880, 0, 0, 0, 0, 0, 0, 0, 0, 0, 0, 160, 130, 1170
"/home/roman/X11F/source/Xi/getbmap.d", "D", 29, 0, 0, 0, 0, 0, 0, 0, 0, 0, 0, 57, 14, 100
"/home/roman/X11F/source/Xi/getdctl.d", "D", 72, 0, 0, 0, 0, 0, 0, 0, 0, 0, 0, 55, 18, 145
"/home/roman/X11F/source/Xi/getfctl.d", "D", 192, 0, 0, 0, 0, 0, 0, 0, 0, 0, 0, 87, 35, 314
"/home/roman/X11F/source/Xi/getfocus.d", "D", 39, 0, 0, 0, 0, 0, 0, 0, 0, 0, 0, 57, 15, 111
"/home/roman/X11F/source/Xi/getkmap.d", "D", 52, 0, 0, 0, 0, 0, 0, 0, 0, 0, 0, 57, 18, 127
"/home/roman/X11F/source/Xi/getmmap.d", "D", 31, 0, 0, 0, 0, 0, 0, 0, 0, 0, 0, 57, 15, 103
"/home/roman/X11F/source/Xi/getprop.d", "D", 69, 0, 0, 0, 0, 0, 0, 0, 0, 0, 0, 61, 21, 151
"/home/roman/X11F/source/Xi/getselev.d", "D", 66, 0, 0, 0, 0, 0, 0, 0, 0, 0, 0, 58, 20, 144
"/home/roman/X11F/source/Xi/getvers.d", "D", 28, 0, 0, 0, 0, 0, 0, 0, 0, 0, 0, 56, 13, 97
"/home/roman/X11F/source/Xi/grabdev.d", "D", 68, 0, 0, 0, 0, 0, 0, 0, 0, 0, 0, 79, 23, 170
"/home/roman/X11F/source/Xi/grabdevb.d", "D", 60, 0, 0, 0, 0, 0, 0, 0, 0, 0, 0, 57, 16, 133
"/home/roman/X11F/source/Xi/grabdevk.d", "D", 60, 0, 0, 0, 0, 0, 0, 0, 0, 0, 0, 57, 16, 133
"/home/roman/X11F/source/Xi/gtmotion.d", "D", 49, 0, 0, 0, 0, 0, 0, 0, 0, 0, 0, 57, 17, 123
"/home/roman/X11F/source/Xi/handlers.d", "D", 65, 0, 0, 0, 0, 0, 0, 0, 0, 0, 0, 5, 4, 74
"/home/roman/X11F/source/Xi/listdev.d", "D", 220, 0, 0, 0, 0, 0, 0, 0, 0, 0, 0, 119, 51, 390
"/home/roman/X11F/source/Xi/opendev.d", "D", 67, 0, 0, 0, 0, 0, 0, 0, 0, 0, 0, 57, 19, 143
"/home/roman/X11F/source/Xi/queryst.d", "D", 97, 0, 0, 0, 0, 0, 0, 0, 0, 0, 0, 39, 20, 156
"/home/roman/X11F/source/Xi/selectev.d", "D", 71, 0, 0, 0, 0, 0, 0, 0, 0, 0, 0, 67, 23, 161
"/home/roman/X11F/source/Xi/sendexev.d", "D", 68, 0, 0, 0, 0, 0, 0, 0, 0, 0, 0, 60, 21, 149
"/home/roman/X11F/source/Xi/setbmap.d", "D", 34, 0, 0, 0, 0, 0, 0, 0, 0, 0, 0, 57, 15, 106
"/home/roman/X11F/source/Xi/setdval.d", "D", 42, 0, 0, 0, 0, 0, 0, 0, 0, 0, 0, 57, 17, 116
"/home/roman/X11F/source/Xi/setfocus.d", "D", 26, 0, 0, 0, 0, 0, 0, 0, 0, 0, 0, 57, 13, 96
"/home/roman/X11F/source/Xi/setmmap.d", "D", 33, 0, 0, 0, 0, 0, 0, 0, 0, 0, 0, 58, 15, 106
"/home/roman/X11F/source/Xi/setmode.d", "D", 46, 0, 0, 0, 0, 0, 0, 0, 0, 0, 0, 57, 15, 118
"/home/roman/X11F/source/Xi/stubs.d", "D", 31, 0, 0, 0, 0, 0, 0, 0, 0, 0, 0, 109, 13, 153
"/home/roman/X11F/source/Xi/ungrdev.d", "D", 28, 0, 0, 0, 0, 0, 0, 0, 0, 0, 0, 56, 11, 95
"/home/roman/X11F/source/Xi/ungrdevb.d", "D", 62, 0, 0, 0, 0, 0, 0, 0, 0, 0, 0, 57, 18, 137
"/home/roman/X11F/source/Xi/ungrdevk.d", "D", 68, 0, 0, 0, 0, 0, 0, 0, 0, 0, 0, 57, 18, 143
"/home/roman/X11F/source/Xi/xiallowev.d", "D", 95, 0, 0, 0, 0, 0, 0, 0, 0, 0, 0, 33, 18, 146
"/home/roman/X11F/source/Xi/xibarriers.d", "D", 645, 0, 0, 0, 0, 0, 0, 0, 0, 0, 0, 119, 160, 924
"/home/roman/X11F/source/Xi/xichangecursor.d", "D", 50, 0, 0, 0, 0, 0, 0, 0, 0, 0, 0, 38, 15, 103
"/home/roman/X11F/source/Xi/xichangehierarchy.d", "D", 402, 0, 0, 0, 0, 0, 0, 0, 0, 0, 0, 55, 86, 543
"/home/roman/X11F/source/Xi/xigetclientpointer.d", "D", 34, 0, 0, 0, 0, 0, 0, 0, 0, 0, 0, 32, 13, 79
"/home/roman/X11F/source/Xi/xigrabdev.d", "D", 93, 0, 0, 0, 0, 0, 0, 0, 0, 0, 0, 32, 27, 152
"/home/roman/X11F/source/Xi/xipassivegrab.d", "D", 262, 0, 0, 0, 0, 0, 0, 0, 0, 0, 0, 36, 46, 344
"/home/roman/X11F/source/Xi/xiproperty.d", "D", 853, 0, 0, 0, 0, 0, 0, 0, 0, 0, 0, 109, 169, 1131
"/home/roman/X11F/source/Xi/xiquerydevice.d", "D", 436, 0, 0, 0, 0, 0, 0, 0, 0, 0, 0, 87, 100, 623
"/home/roman/X11F/source/Xi/xiquerypointer.d", "D", 118, 0, 0, 0, 0, 0, 0, 0, 0, 0, 0, 42, 29, 189
"/home/roman/X11F/source/Xi/xiqueryversion.d", "D", 66, 0, 0, 0, 0, 0, 0, 0, 0, 0, 0, 46, 20, 132
"/home/roman/X11F/source/Xi/xiselectev.d", "D", 270, 0, 0, 0, 0, 0, 0, 0, 0, 0, 0, 60, 61, 391
"/home/roman/X11F/source/Xi/xisetclientpointer.d", "D", 46, 0, 0, 0, 0, 0, 0, 0, 0, 0, 0, 34, 16, 96
"/home/roman/X11F/source/Xi/xisetdevfocus.d", "D", 51, 0, 0, 0, 0, 0, 0, 0, 0, 0, 0, 31, 16, 98
"/home/roman/X11F/source/Xi/xiwarppointer.d", "D", 123, 0, 0, 0, 0, 0, 0, 0, 0, 0, 0, 42, 29, 194
"/home/roman/X11F/source/build/compile_commands.json", "JSON", 0, 0, 0, 0, 0, 0, 0, 0, 3716, 0, 0, 0, 1, 3717
"/home/roman/X11F/source/build/dix_config.d", "D", 137, 0, 0, 0, 0, 0, 0, 0, 0, 0, 0, 12, 136, 285
"/home/roman/X11F/source/build/xlibre_server.d", "D", 65, 0, 0, 0, 0, 0, 0, 0, 0, 0, 0, 81, 58, 204
"/home/roman/X11F/source/build/xorg-config.d", "D", 20, 0, 0, 0, 0, 0, 0, 0, 0, 0, 0, 76, 44, 140
"/home/roman/X11F/source/build/xorg-server.d", "D", 65, 0, 0, 0, 0, 0, 0, 0, 0, 0, 0, 81, 59, 205
"/home/roman/X11F/source/composite/compalloc.d", "D", 479, 0, 0, 0, 0, 0, 0, 0, 0, 0, 0, 130, 92, 701
"/home/roman/X11F/source/composite/compext.d", "D", 556, 0, 0, 0, 0, 0, 0, 0, 0, 0, 0, 79, 159, 794
"/home/roman/X11F/source/composite/compinit.d", "D", 243, 0, 0, 0, 0, 0, 0, 0, 0, 0, 0, 72, 71, 386
"/home/roman/X11F/source/composite/compint.d", "D", 143, 0, 0, 0, 0, 0, 0, 0, 0, 0, 0, 77, 73, 293
"/home/roman/X11F/source/composite/compositeext_priv.d", "D", 5, 0, 0, 0, 0, 0, 0, 0, 0, 0, 0, 7, 5, 17
"/home/roman/X11F/source/composite/compoverlay.d", "D", 84, 0, 0, 0, 0, 0, 0, 0, 0, 0, 0, 63, 22, 169
"/home/roman/X11F/source/composite/compwindow.d", "D", 549, 0, 0, 0, 0, 0, 0, 0, 0, 0, 0, 117, 111, 777
"/home/roman/X11F/source/config/config-backends.d", "D", 19, 0, 0, 0, 0, 0, 0, 0, 0, 0, 0, 25, 6, 50
"/home/roman/X11F/source/config/config.d", "D", 101, 0, 0, 0, 0, 0, 0, 0, 0, 0, 0, 27, 22, 150
"/home/roman/X11F/source/config/dbus-core.d", "D", 152, 0, 0, 0, 0, 0, 0, 0, 0, 0, 0, 49, 45, 246
"/home/roman/X11F/source/config/fdi2iclass.py", "Python", 0, 0, 0, 0, 0, 0, 0, 138, 0, 0, 0, 36, 26, 200
"/home/roman/X11F/source/config/hal.d", "D", 503, 0, 0, 0, 0, 0, 0, 0, 0, 0, 0, 63, 100, 666
"/home/roman/X11F/source/config/hotplug_priv.d", "D", 29, 0, 0, 0, 0, 0, 0, 0, 0, 0, 0, 41, 22, 92
"/home/roman/X11F/source/config/kdrive_config.d", "D", 6, 0, 0, 0, 0, 0, 0, 0, 0, 0, 0, 5, 8, 19
"/home/roman/X11F/source/config/udev.d", "D", 457, 0, 0, 0, 0, 0, 0, 0, 0, 0, 0, 43, 106, 606
"/home/roman/X11F/source/config/version_config.d", "D", 7, 0, 0, 0, 0, 0, 0, 0, 0, 0, 0, 1, 2, 10
"/home/roman/X11F/source/config/wscons.d", "D", 216, 0, 0, 0, 0, 0, 0, 0, 0, 0, 0, 58, 34, 308
"/home/roman/X11F/source/config/xkb_config.d", "D", 8, 0, 0, 0, 0, 0, 0, 0, 0, 0, 0, 2, 2, 12
"/home/roman/X11F/source/dbe/dbe.d", "D", 513, 0, 0, 0, 0, 0, 0, 0, 0, 0, 0, 370, 170, 1053
"/home/roman/X11F/source/dbe/dbestruct.d", "D", 58, 0, 0, 0, 0, 0, 0, 0, 0, 0, 0, 92, 37, 187
"/home/roman/X11F/source/dbe/midbe.d", "D", 305, 0, 0, 0, 0, 0, 0, 0, 0, 0, 0, 222, 95, 622
"/home/roman/X11F/source/dix/atom.d", "D", 67, 0, 0, 0, 0, 0, 0, 0, 0, 0, 0, 51, 16, 134
"/home/roman/X11F/source/dix/atom_priv.d", "D", 5, 0, 0, 0, 0, 0, 0, 0, 0, 0, 0, 11, 4, 20
"/home/roman/X11F/source/dix/callback_priv.d", "D", 21, 0, 0, 0, 0, 0, 0, 0, 0, 0, 0, 14, 7, 42
"/home/roman/X11F/source/dix/client.d", "D", 7, 0, 0, 0, 0, 0, 0, 0, 0, 0, 0, 4, 4, 15
"/home/roman/X11F/source/dix/client_priv.d", "D", 19, 0, 0, 0, 0, 0, 0, 0, 0, 0, 0, 12, 7, 38
"/home/roman/X11F/source/dix/color.d", "D", 824, 0, 0, 0, 0, 0, 0, 0, 0, 0, 0, 47, 9, 880
"/home/roman/X11F/source/dix/colormap.d", "D", 1917, 0, 0, 0, 0, 0, 0, 0, 0, 0, 0, 286, 237, 2440
"/home/roman/X11F/source/dix/colormap_priv.d", "D", 64, 0, 0, 0, 0, 0, 0, 0, 0, 0, 0, 22, 27, 113
"/home/roman/X11F/source/dix/cursor.d", "D", 347, 0, 0, 0, 0, 0, 0, 0, 0, 0, 0, 88, 65, 500
"/home/roman/X11F/source/dix/cursor_priv.d", "D", 24, 0, 0, 0, 0, 0, 0, 0, 0, 0, 0, 10, 17, 51
"/home/roman/X11F/source/dix/devices.d", "D", 1951, 0, 0, 0, 0, 0, 0, 0, 0, 0, 0, 358, 418, 2727
"/home/roman/X11F/source/dix/devices_priv.d", "D", 18, 0, 0, 0, 0, 0, 0, 0, 0, 0, 0, 8, 6, 32
"/home/roman/X11F/source/dix/dispatch.d", "D", 3216, 0, 0, 0, 0, 0, 0, 0, 0, 0, 0, 326, 633, 4175
"/home/roman/X11F/source/dix/display.d", "D", 13, 0, 0, 0, 0, 0, 0, 0, 0, 0, 0, 6, 4, 23
"/home/roman/X11F/source/dix/dix_priv.d", "D", 222, 0, 0, 0, 0, 0, 0, 0, 0, 0, 0, 365, 124, 711
"/home/roman/X11F/source/dix/dixfonts.d", "D", 1608, 0, 0, 0, 0, 0, 0, 0, 0, 0, 0, 255, 199, 2062
"/home/roman/X11F/source/dix/dixgrabs_priv.d", "D", 21, 0, 0, 0, 0, 0, 0, 0, 0, 0, 0, 128, 18, 167
"/home/roman/X11F/source/dix/dixstruct_priv.d", "D", 53, 0, 0, 0, 0, 0, 0, 0, 0, 0, 0, 18, 20, 91
"/home/roman/X11F/source/dix/dixutils.d", "D", 565, 0, 0, 0, 0, 0, 0, 0, 0, 0, 0, 172, 102, 839
"/home/roman/X11F/source/dix/enterleave.d", "D", 755, 0, 0, 0, 0, 0, 0, 0, 0, 0, 0, 554, 176, 1485
"/home/roman/X11F/source/dix/eventconvert.d", "D", 862, 0, 0, 0, 0, 0, 0, 0, 0, 0, 0, 129, 130, 1121
"/home/roman/X11F/source/dix/events.d", "D", 4348, 0, 0, 0, 0, 0, 0, 0, 0, 0, 0, 1108, 726, 6182
"/home/roman/X11F/source/dix/exevents_priv.d", "D", 53, 0, 0, 0, 0, 0, 0, 0, 0, 0, 0, 13, 37, 103
"/home/roman/X11F/source/dix/extension.d", "D", 237, 0, 0, 0, 0, 0, 0, 0, 0, 0, 0, 55, 41, 333
"/home/roman/X11F/source/dix/extension_priv.d", "D", 51, 0, 0, 0, 0, 0, 0, 0, 0, 0, 0, 5, 7, 63
"/home/roman/X11F/source/dix/gc.d", "D", 827, 0, 0, 0, 0, 0, 0, 0, 0, 0, 0, 134, 97, 1058
"/home/roman/X11F/source/dix/gc_priv.d", "D", 15, 0, 0, 0, 0, 0, 0, 0, 0, 0, 0, 7, 14, 36
"/home/roman/X11F/source/dix/gestures.d", "D", 228, 0, 0, 0, 0, 0, 0, 0, 0, 0, 0, 69, 61, 358
"/home/roman/X11F/source/dix/getevents.d", "D", 1316, 0, 0, 0, 0, 0, 0, 0, 0, 0, 0, 543, 317, 2176
"/home/roman/X11F/source/dix/globals.d", "D", 60, 0, 0, 0, 0, 0, 0, 0, 0, 0, 0, 51, 18, 129
"/home/roman/X11F/source/dix/glyphcurs.d", "D", 106, 0, 0, 0, 0, 0, 0, 0, 0, 0, 0, 59, 14, 179
"/home/roman/X11F/source/dix/grabs.d", "D", 526, 0, 0, 0, 0, 0, 0, 0, 0, 0, 0, 79, 88, 693
"/home/roman/X11F/source/dix/input_priv.d", "D", 165, 0, 0, 0, 0, 0, 0, 0, 0, 0, 0, 185, 62, 412
"/home/roman/X11F/source/dix/inpututils.d", "D", 743, 0, 0, 0, 0, 0, 0, 0, 0, 0, 0, 238, 185, 1166
"/home/roman/X11F/source/dix/inpututils_priv.d", "D", 40, 0, 0, 0, 0, 0, 0, 0, 0, 0, 0, 25, 9, 74
"/home/roman/X11F/source/dix/lookup.d", "D", 29, 0, 0, 0, 0, 0, 0, 0, 0, 0, 0, 6, 10, 45
"/home/roman/X11F/source/dix/main.d", "D", 213, 0, 0, 0, 0, 0, 0, 0, 0, 0, 0, 92, 70, 375
"/home/roman/X11F/source/dix/pixmap.d", "D", 282, 0, 0, 0, 0, 0, 0, 0, 0, 0, 0, 59, 56, 397
"/home/roman/X11F/source/dix/privates.d", "D", 505, 0, 0, 0, 0, 0, 0, 0, 0, 0, 0, 132, 100, 737
"/home/roman/X11F/source/dix/property.d", "D", 547, 0, 0, 0, 0, 0, 0, 0, 0, 0, 0, 95, 103, 745
"/home/roman/X11F/source/dix/property_priv.d", "D", 36, 0, 0, 0, 0, 0, 0, 0, 0, 0, 0, 56, 14, 106
"/home/roman/X11F/source/dix/ptrveloc.d", "D", 691, 0, 0, 0, 0, 0, 0, 0, 0, 0, 0, 275, 156, 1122
"/home/roman/X11F/source/dix/ptrveloc_priv.d", "D", 23, 0, 0, 0, 0, 0, 0, 0, 0, 0, 0, 16, 12, 51
"/home/roman/X11F/source/dix/region.d", "D", 806, 0, 0, 0, 0, 0, 0, 0, 0, 0, 0, 426, 120, 1352
"/home/roman/X11F/source/dix/registry.d", "D", 306, 0, 0, 0, 0, 0, 0, 0, 0, 0, 0, 43, 62, 411
"/home/roman/X11F/source/dix/registry_priv.d", "D", 17, 0, 0, 0, 0, 0, 0, 0, 0, 0, 0, 15, 9, 41
"/home/roman/X11F/source/dix/reqhandlers_priv.d", "D", 31, 0, 0, 0, 0, 0, 0, 0, 0, 0, 0, 11, 7, 49
"/home/roman/X11F/source/dix/request_priv.d", "D", 89, 0, 0, 0, 0, 0, 0, 0, 0, 0, 0, 60, 28, 177
"/home/roman/X11F/source/dix/resource.d", "D", 763, 0, 0, 0, 0, 0, 0, 0, 0, 0, 0, 322, 147, 1232
"/home/roman/X11F/source/dix/resource_priv.d", "D", 47, 0, 0, 0, 0, 0, 0, 0, 0, 0, 0, 105, 24, 176
"/home/roman/X11F/source/dix/rpcbuf.d", "D", 169, 0, 0, 0, 0, 0, 0, 0, 0, 0, 0, 8, 61, 238
"/home/roman/X11F/source/dix/rpcbuf_priv.d", "D", 80, 0, 0, 0, 0, 0, 0, 0, 0, 0, 0, 274, 43, 397
"/home/roman/X11F/source/dix/screen.d", "D", 29, 0, 0, 0, 0, 0, 0, 0, 0, 0, 0, 4, 5, 38
"/home/roman/X11F/source/dix/screen_hooks.d", "D", 83, 0, 0, 0, 0, 0, 0, 0, 0, 0, 0, 8, 29, 120
"/home/roman/X11F/source/dix/screen_hooks_priv.d", "D", 29, 0, 0, 0, 0, 0, 0, 0, 0, 0, 0, 179, 22, 230
"/home/roman/X11F/source/dix/screenint_priv.d", "D", 67, 0, 0, 0, 0, 0, 0, 0, 0, 0, 0, 42, 19, 128
"/home/roman/X11F/source/dix/screensaver_priv.d", "D", 29, 0, 0, 0, 0, 0, 0, 0, 0, 0, 0, 8, 10, 47
"/home/roman/X11F/source/dix/selection.d", "D", 261, 0, 0, 0, 0, 0, 0, 0, 0, 0, 0, 71, 54, 386
"/home/roman/X11F/source/dix/selection_priv.d", "D", 56, 0, 0, 0, 0, 0, 0, 0, 0, 0, 0, 7, 16, 79
"/home/roman/X11F/source/dix/server_priv.d", "D", 18, 0, 0, 0, 0, 0, 0, 0, 0, 0, 0, 6, 7, 31
"/home/roman/X11F/source/dix/settings.d", "D", 8, 0, 0, 0, 0, 0, 0, 0, 0, 0, 0, 11, 4, 23
"/home/roman/X11F/source/dix/settings_priv.d", "D", 5, 0, 0, 0, 0, 0, 0, 0, 0, 0, 0, 11, 6, 22
"/home/roman/X11F/source/dix/stubmain.d", "D", 8, 0, 0, 0, 0, 0, 0, 0, 0, 0, 0, 27, 3, 38
"/home/roman/X11F/source/dix/swaprep.d", "D", 479, 0, 0, 0, 0, 0, 0, 0, 0, 0, 0, 57, 55, 591
"/home/roman/X11F/source/dix/swapreq.d", "D", 529, 0, 0, 0, 0, 0, 0, 0, 0, 0, 0, 58, 63, 650
"/home/roman/X11F/source/dix/tables.d", "D", 926, 0, 0, 0, 0, 0, 0, 0, 0, 0, 0, 47, 11, 984
"/home/roman/X11F/source/dix/touch.d", "D", 651, 0, 0, 0, 0, 0, 0, 0, 0, 0, 0, 209, 162, 1022
"/home/roman/X11F/source/dix/window.d", "D", 2820, 0, 0, 0, 0, 0, 0, 0, 0, 0, 0, 441, 396, 3657
"/home/roman/X11F/source/dix/window_priv.d", "D", 36, 0, 0, 0, 0, 0, 0, 0, 0, 0, 0, 35, 12, 83
"/home/roman/X11F/source/doc/Xinput.xml", "XML", 0, 0, 0, 0, 0, 1068, 0, 0, 0, 0, 0, 97, 33, 1198
"/home/roman/X11F/source/doc/Xnamespace.md", "Markdown", 0, 0, 0, 18, 0, 0, 0, 0, 0, 0, 0, 0, 9, 27
"/home/roman/X11F/source/doc/Xserver-spec.xml", "XML", 0, 0, 0, 0, 0, 4702, 0, 0, 0, 0, 0, 27, 331, 5060
"/home/roman/X11F/source/doc/dtrace/Xserver-DTrace.xml", "XML", 0, 0, 0, 0, 0, 651, 0, 0, 0, 0, 0, 0, 77, 728
"/home/roman/X11F/source/doc/filter-xmlto.sh", "Shell Script", 0, 0, 0, 0, 0, 0, 8, 0, 0, 0, 0, 13, 1, 22
"/home/roman/X11F/source/dri3/dri3.d", "D", 90, 0, 0, 0, 0, 0, 0, 0, 0, 0, 0, 24, 27, 141
"/home/roman/X11F/source/dri3/dri3_priv.d", "D", 56, 0, 0, 0, 0, 0, 0, 0, 0, 0, 0, 24, 24, 104
"/home/roman/X11F/source/dri3/dri3_request.d", "D", 524, 0, 0, 0, 0, 0, 0, 0, 0, 0, 0, 37, 117, 678
"/home/roman/X11F/source/dri3/dri3_screen.d", "D", 205, 0, 0, 0, 0, 0, 0, 0, 0, 0, 0, 30, 53, 288
"/home/roman/X11F/source/exa/exa.d", "D", 681, 0, 0, 0, 0, 0, 0, 0, 0, 0, 0, 212, 186, 1079
"/home/roman/X11F/source/exa/exa_accel.d", "D", 949, 0, 0, 0, 0, 0, 0, 0, 0, 0, 0, 124, 188, 1261
"/home/roman/X11F/source/exa/exa_classic.d", "D", 144, 0, 0, 0, 0, 0, 0, 0, 0, 0, 0, 57, 47, 248
"/home/roman/X11F/source/exa/exa_driver.d", "D", 127, 0, 0, 0, 0, 0, 0, 0, 0, 0, 0, 42, 46, 215
"/home/roman/X11F/source/exa/exa_glyphs.d", "D", 574, 0, 0, 0, 0, 0, 0, 0, 0, 0, 0, 106, 130, 810
"/home/roman/X11F/source/exa/exa_migration_classic.d", "D", 452, 0, 0, 0, 0, 0, 0, 0, 0, 0, 0, 168, 123, 743
"/home/roman/X11F/source/exa/exa_migration_mixed.d", "D", 157, 0, 0, 0, 0, 0, 0, 0, 0, 0, 0, 64, 46, 267
"/home/roman/X11F/source/exa/exa_mixed.d", "D", 209, 0, 0, 0, 0, 0, 0, 0, 0, 0, 0, 39, 64, 312
"/home/roman/X11F/source/exa/exa_offscreen.d", "D", 434, 0, 0, 0, 0, 0, 0, 0, 0, 0, 0, 128, 103, 665
"/home/roman/X11F/source/exa/exa_priv.d", "D", 311, 0, 0, 0, 0, 0, 0, 0, 0, 0, 0, 86, 141, 538
"/home/roman/X11F/source/exa/exa_render.d", "D", 817, 0, 0, 0, 0, 0, 0, 0, 0, 0, 0, 170, 178, 1165
"/home/roman/X11F/source/exa/exa_unaccel.d", "D", 510, 0, 0, 0, 0, 0, 0, 0, 0, 0, 0, 55, 99, 664
"/home/roman/X11F/source/externs/X11/X.h", "C++", 0, 398, 0, 0, 0, 0, 0, 0, 0, 0, 0, 167, 154, 719
"/home/roman/X11F/source/externs/X11/Xdefs.h", "C++", 0, 64, 0, 0, 0, 0, 0, 0, 0, 0, 0, 27, 18, 109
"/home/roman/X11F/source/externs/X11/Xfuncproto.h", "C++", 0, 153, 0, 0, 0, 0, 0, 0, 0, 0, 0, 51, 28, 232
"/home/roman/X11F/source/externs/X11/Xmd.h", "C++", 0, 57, 0, 0, 0, 0, 0, 0, 0, 0, 0, 79, 12, 148
"/home/roman/X11F/source/externs/X11/Xproto.h", "C++", 0, 1798, 0, 0, 0, 0, 0, 0, 0, 0, 0, 165, 195, 2158
"/home/roman/X11F/source/externs/X11/Xprotostr.h", "C++", 0, 19, 0, 0, 0, 0, 0, 0, 0, 0, 0, 49, 10, 78
"/home/roman/X11F/source/externs/X11/extensions/XI.h", "C++", 0, 204, 0, 0, 0, 0, 0, 0, 0, 0, 0, 64, 41, 309
"/home/roman/X11F/source/externs/X11/extensions/XI2.h", "C++", 0, 163, 0, 0, 0, 0, 0, 0, 0, 0, 0, 63, 34, 260
"/home/roman/X11F/source/externs/X11/extensions/XI2proto.h", "C++", 0, 794, 0, 0, 0, 0, 0, 0, 0, 0, 0, 286, 90, 1170
"/home/roman/X11F/source/externs/X11/extensions/XIproto.h", "C++", 0, 1249, 0, 0, 0, 0, 0, 0, 0, 0, 0, 325, 185, 1759
"/home/roman/X11F/source/externs/X11/extensions/XKB.h", "C++", 0, 403, 0, 0, 0, 0, 0, 0, 0, 0, 0, 312, 72, 787
"/home/roman/X11F/source/externs/X11/extensions/XKBgeom.h", "C++", 0, 509, 0, 0, 0, 0, 0, 0, 0, 0, 0, 33, 80, 622
"/home/roman/X11F/source/externs/X11/extensions/XKBproto.h", "C++", 0, 1166, 0, 0, 0, 0, 0, 0, 0, 0, 0, 28, 89, 1283
"/home/roman/X11F/source/externs/X11/extensions/XKBstr.h", "C++", 0, 491, 0, 0, 0, 0, 0, 0, 0, 0, 0, 85, 73, 649
"/home/roman/X11F/source/externs/X11/extensions/XResproto.h", "C++", 0, 175, 0, 0, 0, 0, 0, 0, 0, 0, 0, 20, 35, 230
"/home/roman/X11F/source/externs/X11/extensions/Xv.h", "C++", 0, 53, 0, 0, 0, 0, 0, 0, 0, 0, 0, 47, 29, 129
"/home/roman/X11F/source/externs/X11/extensions/Xvproto.h", "C++", 0, 500, 0, 0, 0, 0, 0, 0, 0, 0, 0, 52, 52, 604
"/home/roman/X11F/source/externs/X11/extensions/_randr.h", "C++", 0, 136, 0, 0, 0, 0, 0, 0, 0, 0, 0, 48, 25, 209
"/home/roman/X11F/source/externs/X11/extensions/compositeproto.h", "C++", 0, 115, 0, 0, 0, 0, 0, 0, 0, 0, 0, 48, 30, 193
"/home/roman/X11F/source/externs/X11/extensions/damageproto.h", "C++", 0, 109, 0, 0, 0, 0, 0, 0, 0, 0, 0, 27, 24, 160
"/home/roman/X11F/source/externs/X11/extensions/dri2proto.h", "C++", 0, 293, 0, 0, 0, 0, 0, 0, 0, 0, 0, 34, 33, 360
"/home/roman/X11F/source/externs/X11/extensions/dri2tokens.h", "C++", 0, 22, 0, 0, 0, 0, 0, 0, 0, 0, 0, 33, 7, 62
"/home/roman/X11F/source/externs/X11/extensions/panoramiXproto.h", "C++", 0, 142, 0, 0, 0, 0, 0, 0, 0, 0, 0, 26, 28, 196
"/home/roman/X11F/source/externs/X11/extensions/presentproto.h", "C++", 0, 208, 0, 0, 0, 0, 0, 0, 0, 0, 0, 29, 46, 283
"/home/roman/X11F/source/externs/X11/extensions/randrproto.h", "C++", 0, 996, 0, 0, 0, 0, 0, 0, 0, 0, 0, 55, 102, 1153
"/home/roman/X11F/source/externs/X11/extensions/render.h", "C++", 0, 152, 0, 0, 0, 0, 0, 0, 0, 0, 0, 38, 21, 211
"/home/roman/X11F/source/externs/X11/extensions/renderproto.h", "C++", 0, 508, 0, 0, 0, 0, 0, 0, 0, 0, 0, 37, 117, 662
"/home/roman/X11F/source/externs/X11/extensions/saverproto.h", "C++", 0, 131, 0, 0, 0, 0, 0, 0, 0, 0, 0, 26, 23, 180
"/home/roman/X11F/source/externs/X11/extensions/securproto.h", "C++", 0, 73, 0, 0, 0, 0, 0, 0, 0, 0, 0, 28, 11, 112
"/home/roman/X11F/source/externs/X11/extensions/shapeconst.h", "C++", 0, 17, 0, 0, 0, 0, 0, 0, 0, 0, 0, 29, 10, 56
"/home/roman/X11F/source/externs/X11/extensions/shapeproto.h", "C++", 0, 187, 0, 0, 0, 0, 0, 0, 0, 0, 0, 29, 24, 240
"/home/roman/X11F/source/externs/X11/extensions/shmproto.h", "C++", 0, 182, 0, 0, 0, 0, 0, 0, 0, 0, 0, 29, 20, 231
"/home/roman/X11F/source/externs/X11/extensions/syncconst.h", "C++", 0, 95, 0, 0, 0, 0, 0, 0, 0, 0, 0, 69, 20, 184
"/home/roman/X11F/source/externs/X11/extensions/syncproto.h", "C++", 0, 319, 0, 0, 0, 0, 0, 0, 0, 0, 0, 116, 41, 476
"/home/roman/X11F/source/externs/X11/extensions/xfixesproto.h", "C++", 0, 435, 0, 0, 0, 0, 0, 0, 0, 0, 0, 56, 95, 586
"/home/roman/X11F/source/externs/X11/extensions/xfixeswire.h", "C++", 0, 69, 0, 0, 0, 0, 0, 0, 0, 0, 0, 61, 25, 155
"/home/roman/X11F/source/externs/X11/fonts/FS.h", "C++", 0, 54, 0, 0, 0, 0, 0, 0, 0, 0, 0, 57, 19, 130
"/home/roman/X11F/source/externs/X11/fonts/FSproto.h", "C++", 0, 617, 0, 0, 0, 0, 0, 0, 0, 0, 0, 97, 101, 815
"/home/roman/X11F/source/externs/X11/fonts/font.h", "C++", 0, 110, 0, 0, 0, 0, 0, 0, 0, 0, 0, 27, 32, 169
"/home/roman/X11F/source/externs/X11/fonts/fontenc.h", "C++", 0, 39, 0, 0, 0, 0, 0, 0, 0, 0, 0, 58, 26, 123
"/home/roman/X11F/source/externs/X11/fonts/fontproto.h", "C++", 0, 53, 0, 0, 0, 0, 0, 0, 0, 0, 0, 27, 15, 95
"/home/roman/X11F/source/externs/X11/fonts/fontstruct.h", "C++", 0, 212, 0, 0, 0, 0, 0, 0, 0, 0, 0, 49, 37, 298
"/home/roman/X11F/source/externs/X11/fonts/fsmasks.h", "C++", 0, 31, 0, 0, 0, 0, 0, 0, 0, 0, 0, 53, 14, 98
"/home/roman/X11F/source/externs/X11/fonts/libxfont2.h", "C++", 0, 113, 0, 0, 0, 0, 0, 0, 0, 0, 0, 22, 31, 166
"/home/roman/X11F/source/externs/arpa/inet.c", "C", 0, 0, 1, 0, 0, 0, 0, 0, 0, 0, 0, 0, 0, 1
"/home/roman/X11F/source/externs/c_asm/ioctl.c", "C", 0, 0, 1, 0, 0, 0, 0, 0, 0, 0, 0, 0, 0, 1
"/home/roman/X11F/source/externs/c_asm/types.c", "C", 0, 0, 1, 0, 0, 0, 0, 0, 0, 0, 0, 0, 0, 1
"/home/roman/X11F/source/externs/compint.c", "C", 0, 0, 1, 0, 0, 0, 0, 0, 0, 0, 0, 0, 0, 1
"/home/roman/X11F/source/externs/dbus.c", "C", 0, 0, 1, 0, 0, 0, 0, 0, 0, 0, 0, 0, 0, 1
"/home/roman/X11F/source/externs/drm.c", "C", 0, 0, 14, 0, 0, 0, 0, 0, 0, 0, 0, 12, 5, 31
"/home/roman/X11F/source/externs/epoxygl.c", "C", 0, 0, 2, 0, 0, 0, 0, 0, 0, 0, 0, 0, 0, 2
"/home/roman/X11F/source/externs/gbm.c", "C", 0, 0, 1, 0, 0, 0, 0, 0, 0, 0, 0, 0, 0, 1
"/home/roman/X11F/source/externs/gl.c", "C", 0, 0, 1, 0, 0, 0, 0, 0, 0, 0, 0, 0, 0, 1
"/home/roman/X11F/source/externs/glext.c", "C", 0, 0, 1, 0, 0, 0, 0, 0, 0, 0, 0, 0, 2, 3
"/home/roman/X11F/source/externs/glob.c", "C", 0, 0, 1, 0, 0, 0, 0, 0, 0, 0, 0, 0, 0, 1
"/home/roman/X11F/source/externs/glxproto.c", "C", 0, 0, 1, 0, 0, 0, 0, 0, 0, 0, 0, 0, 0, 1
"/home/roman/X11F/source/externs/glxtokens.c", "C", 0, 0, 1, 0, 0, 0, 0, 0, 0, 0, 0, 0, 0, 1
"/home/roman/X11F/source/externs/internal/dri_interface.c", "C", 0, 0, 1, 0, 0, 0, 0, 0, 0, 0, 0, 0, 0, 1
"/home/roman/X11F/source/externs/libdrm.d", "D", 2, 0, 0, 0, 0, 0, 0, 0, 0, 0, 0, 0, 1, 3
"/home/roman/X11F/source/externs/libhal.d", "D", 16, 0, 0, 0, 0, 0, 0, 0, 0, 0, 0, 3, 5, 24
"/home/roman/X11F/source/externs/libseat.c", "C", 0, 0, 1, 0, 0, 0, 0, 0, 0, 0, 0, 0, 0, 1
"/home/roman/X11F/source/externs/libudev.c", "C", 0, 0, 1, 0, 0, 0, 0, 0, 0, 0, 0, 0, 0, 1
"/home/roman/X11F/source/externs/libxcvt.d", "D", 1, 0, 0, 0, 0, 0, 0, 0, 0, 0, 0, 0, 2, 3
"/home/roman/X11F/source/externs/linux/agpgart.c", "C", 0, 0, 1, 0, 0, 0, 0, 0, 0, 0, 0, 0, 0, 1
"/home/roman/X11F/source/externs/linux/apm_bios.d", "D", 85, 0, 0, 0, 0, 0, 0, 0, 0, 0, 0, 37, 17, 139
"/home/roman/X11F/source/externs/linux/input.c", "C", 0, 0, 1, 0, 0, 0, 0, 0, 0, 0, 0, 0, 0, 1
"/home/roman/X11F/source/externs/linux/kd.d", "D", 145, 0, 0, 0, 0, 0, 0, 0, 0, 0, 0, 12, 36, 193
"/home/roman/X11F/source/externs/linux/keyboard.c", "C", 0, 0, 1, 0, 0, 0, 0, 0, 0, 0, 0, 0, 0, 1
"/home/roman/X11F/source/externs/linux/major.c", "C", 0, 0, 1, 0, 0, 0, 0, 0, 0, 0, 0, 0, 0, 1
"/home/roman/X11F/source/externs/linux/vt.d", "D", 73, 0, 0, 0, 0, 0, 0, 0, 0, 0, 0, 10, 17, 100
"/home/roman/X11F/source/externs/net/if_.c", "C", 0, 0, 1, 0, 0, 0, 0, 0, 0, 0, 0, 0, 0, 1
"/home/roman/X11F/source/externs/netinet/in_.c", "C", 0, 0, 1, 0, 0, 0, 0, 0, 0, 0, 0, 0, 0, 1
"/home/roman/X11F/source/externs/netinet/tcp.c", "C", 0, 0, 1, 0, 0, 0, 0, 0, 0, 0, 0, 0, 0, 1
"/home/roman/X11F/source/externs/pciaccess.c", "C", 0, 0, 1, 0, 0, 0, 0, 0, 0, 0, 0, 0, 0, 1
"/home/roman/X11F/source/externs/pixman.c", "C", 0, 0, 1, 0, 0, 0, 0, 0, 0, 0, 0, 978, 182, 1161
"/home/roman/X11F/source/externs/regex.d", "D", 19, 0, 0, 0, 0, 0, 0, 0, 0, 0, 0, 3, 6, 28
"/home/roman/X11F/source/externs/selinux/avc.c", "C", 0, 0, 1, 0, 0, 0, 0, 0, 0, 0, 0, 0, 0, 1
"/home/roman/X11F/source/externs/selinux/label.c", "C", 0, 0, 1, 0, 0, 0, 0, 0, 0, 0, 0, 0, 0, 1
"/home/roman/X11F/source/externs/selinux/selinux.c", "C", 0, 0, 1, 0, 0, 0, 0, 0, 0, 0, 0, 0, 0, 1
"/home/roman/X11F/source/externs/strings.c", "C", 0, 0, 1, 0, 0, 0, 0, 0, 0, 0, 0, 0, 0, 1
"/home/roman/X11F/source/externs/sys/param.c", "C", 0, 0, 1, 0, 0, 0, 0, 0, 0, 0, 0, 0, 0, 1
"/home/roman/X11F/source/externs/sys/sysmacros.c", "C", 0, 0, 1, 0, 0, 0, 0, 0, 0, 0, 0, 0, 0, 1
"/home/roman/X11F/source/externs/xcb/shape.c", "C", 0, 0, 1, 0, 0, 0, 0, 0, 0, 0, 0, 0, 0, 1
"/home/roman/X11F/source/externs/xcb/shm.c", "C", 0, 0, 1, 0, 0, 0, 0, 0, 0, 0, 0, 0, 0, 1
"/home/roman/X11F/source/externs/xcb/xcb.c", "C", 0, 0, 1, 0, 0, 0, 0, 0, 0, 0, 0, 0, 0, 1
"/home/roman/X11F/source/externs/xcb/xcb_aux.c", "C", 0, 0, 1, 0, 0, 0, 0, 0, 0, 0, 0, 0, 0, 1
"/home/roman/X11F/source/externs/xcb/xcb_icccm.c", "C", 0, 0, 1, 0, 0, 0, 0, 0, 0, 0, 0, 0, 0, 1
"/home/roman/X11F/source/externs/xcb/xcb_image.c", "C", 0, 0, 1, 0, 0, 0, 0, 0, 0, 0, 0, 0, 0, 1
"/home/roman/X11F/source/externs/xcb/xcb_keysyms.c", "C", 0, 0, 1, 0, 0, 0, 0, 0, 0, 0, 0, 0, 0, 1
"/home/roman/X11F/source/externs/xcb/xcb_randr.c", "C", 0, 0, 1, 0, 0, 0, 0, 0, 0, 0, 0, 0, 0, 1
"/home/roman/X11F/source/externs/xcb/xcb_render.c", "C", 0, 0, 1, 0, 0, 0, 0, 0, 0, 0, 0, 0, 0, 1
"/home/roman/X11F/source/externs/xcb/xcb_renderutil.c", "C", 0, 0, 1, 0, 0, 0, 0, 0, 0, 0, 0, 0, 0, 1
"/home/roman/X11F/source/externs/xcb/xcb_xkb.c", "C", 0, 0, 1, 0, 0, 0, 0, 0, 0, 0, 0, 0, 0, 1
"/home/roman/X11F/source/externs/xcb/xcbext.c", "C", 0, 0, 1, 0, 0, 0, 0, 0, 0, 0, 0, 0, 0, 1
"/home/roman/X11F/source/externs/xcb/xproto.c", "C", 0, 0, 1, 0, 0, 0, 0, 0, 0, 0, 0, 0, 0, 1
"/home/roman/X11F/source/externs/xcb/xv.c", "C", 0, 0, 1, 0, 0, 0, 0, 0, 0, 0, 0, 0, 0, 1
"/home/roman/X11F/source/externs/xf86drm.c", "C", 0, 0, 1, 0, 0, 0, 0, 0, 0, 0, 0, 0, 0, 1
"/home/roman/X11F/source/externs/xselinux.c", "C", 0, 0, 1, 0, 0, 0, 0, 0, 0, 0, 0, 0, 0, 1
"/home/roman/X11F/source/fb/fb_priv.d", "D", 18, 0, 0, 0, 0, 0, 0, 0, 0, 0, 0, 7, 16, 41
"/home/roman/X11F/source/fb/fballpriv.d", "D", 31, 0, 0, 0, 0, 0, 0, 0, 0, 0, 0, 21, 12, 64
"/home/roman/X11F/source/fb/fbarc.d", "D", 94, 0, 0, 0, 0, 0, 0, 0, 0, 0, 0, 32, 9, 135
"/home/roman/X11F/source/fb/fbbits.d", "D", 43, 0, 0, 0, 0, 0, 0, 0, 0, 0, 0, 21, 7, 71
"/home/roman/X11F/source/fb/fbbitsh.d", "D", 797, 0, 0, 0, 0, 0, 0, 0, 0, 0, 0, 36, 75, 908
"/home/roman/X11F/source/fb/fbblt.d", "D", 270, 0, 0, 0, 0, 0, 0, 0, 0, 0, 0, 30, 21, 321
"/home/roman/X11F/source/fb/fbbltone.d", "D", 298, 0, 0, 0, 0, 0, 0, 0, 0, 0, 0, 100, 47, 445
"/home/roman/X11F/source/fb/fbcmap_mi.d", "D", 79, 0, 0, 0, 0, 0, 0, 0, 0, 0, 0, 38, 22, 139
"/home/roman/X11F/source/fb/fbcopy.d", "D", 204, 0, 0, 0, 0, 0, 0, 0, 0, 0, 0, 25, 24, 253
"/home/roman/X11F/source/fb/fbfill.d", "D", 194, 0, 0, 0, 0, 0, 0, 0, 0, 0, 0, 21, 22, 237
"/home/roman/X11F/source/fb/fbfillrect.d", "D", 66, 0, 0, 0, 0, 0, 0, 0, 0, 0, 0, 25, 13, 104
"/home/roman/X11F/source/fb/fbfillsp.d", "D", 56, 0, 0, 0, 0, 0, 0, 0, 0, 0, 0, 21, 10, 87
"/home/roman/X11F/source/fb/fbgc.d", "D", 128, 0, 0, 0, 0, 0, 0, 0, 0, 0, 0, 33, 22, 183
"/home/roman/X11F/source/fb/fbgetsp.d", "D", 32, 0, 0, 0, 0, 0, 0, 0, 0, 0, 0, 25, 8, 65
"/home/roman/X11F/source/fb/fbglyph.d", "D", 177, 0, 0, 0, 0, 0, 0, 0, 0, 0, 0, 26, 16, 219
"/home/roman/X11F/source/fb/fbimage.d", "D", 194, 0, 0, 0, 0, 0, 0, 0, 0, 0, 0, 25, 24, 243
"/home/roman/X11F/source/fb/fbline.d", "D", 112, 0, 0, 0, 0, 0, 0, 0, 0, 0, 0, 21, 13, 146
"/home/roman/X11F/source/fb/fboverlay.d", "D", 209, 0, 0, 0, 0, 0, 0, 0, 0, 0, 0, 57, 35, 301
"/home/roman/X11F/source/fb/fbpict.d", "D", 345, 0, 0, 0, 0, 0, 0, 0, 0, 0, 0, 38, 93, 476
"/home/roman/X11F/source/fb/fbpict_priv.d", "D", 9, 0, 0, 0, 0, 0, 0, 0, 0, 0, 0, 6, 8, 23
"/home/roman/X11F/source/fb/fbpixmap.d", "D", 274, 0, 0, 0, 0, 0, 0, 0, 0, 0, 0, 46, 27, 347
"/home/roman/X11F/source/fb/fbpoint.d", "D", 78, 0, 0, 0, 0, 0, 0, 0, 0, 0, 0, 22, 9, 109
"/home/roman/X11F/source/fb/fbpush.d", "D", 139, 0, 0, 0, 0, 0, 0, 0, 0, 0, 0, 21, 15, 175
"/home/roman/X11F/source/fb/fbscreen.d", "D", 170, 0, 0, 0, 0, 0, 0, 0, 0, 0, 0, 28, 19, 217
"/home/roman/X11F/source/fb/fbseg.d", "D", 359, 0, 0, 0, 0, 0, 0, 0, 0, 0, 0, 36, 38, 433
"/home/roman/X11F/source/fb/fbsetsp.d", "D", 54, 0, 0, 0, 0, 0, 0, 0, 0, 0, 0, 21, 5, 80
"/home/roman/X11F/source/fb/fbsolid.d", "D", 37, 0, 0, 0, 0, 0, 0, 0, 0, 0, 0, 21, 6, 64
"/home/roman/X11F/source/fb/fbtile.d", "D", 95, 0, 0, 0, 0, 0, 0, 0, 0, 0, 0, 31, 13, 139
"/home/roman/X11F/source/fb/fbtrap.d", "D", 103, 0, 0, 0, 0, 0, 0, 0, 0, 0, 0, 21, 35, 159
"/home/roman/X11F/source/fb/fbutil.d", "D", 35, 0, 0, 0, 0, 0, 0, 0, 0, 0, 0, 21, 8, 64
"/home/roman/X11F/source/fb/fbwindow.d", "D", 126, 0, 0, 0, 0, 0, 0, 0, 0, 0, 0, 22, 31, 179
"/home/roman/X11F/source/glamor/glamor.d", "D", 761, 0, 0, 0, 0, 0, 0, 0, 0, 0, 0, 164, 194, 1119
"/home/roman/X11F/source/glamor/glamor_addtraps.d", "D", 13, 0, 0, 0, 0, 0, 0, 0, 0, 0, 0, 27, 4, 44
"/home/roman/X11F/source/glamor/glamor_composite_glyphs.d", "D", 462, 0, 0, 0, 0, 0, 0, 0, 0, 0, 0, 47, 85, 594
"/home/roman/X11F/source/glamor/glamor_compositerects.d", "D", 201, 0, 0, 0, 0, 0, 0, 0, 0, 0, 0, 35, 35, 271
"/home/roman/X11F/source/glamor/glamor_context.d", "D", 9, 0, 0, 0, 0, 0, 0, 0, 0, 0, 0, 31, 8, 48
"/home/roman/X11F/source/glamor/glamor_copy.d", "D", 501, 0, 0, 0, 0, 0, 0, 0, 0, 0, 0, 89, 125, 715
"/home/roman/X11F/source/glamor/glamor_core.d", "D", 210, 0, 0, 0, 0, 0, 0, 0, 0, 0, 0, 53, 45, 308
"/home/roman/X11F/source/glamor/glamor_dash.d", "D", 265, 0, 0, 0, 0, 0, 0, 0, 0, 0, 0, 25, 69, 359
"/home/roman/X11F/source/glamor/glamor_debug.d", "D", 14, 0, 0, 0, 0, 0, 0, 0, 0, 0, 0, 52, 10, 76
"/home/roman/X11F/source/glamor/glamor_egl.d", "D", 1570, 0, 0, 0, 0, 0, 0, 0, 0, 0, 0, 237, 301, 2108
"/home/roman/X11F/source/glamor/glamor_egl_ext.d", "D", 30, 0, 0, 0, 0, 0, 0, 0, 0, 0, 0, 30, 7, 67
"/home/roman/X11F/source/glamor/glamor_egl_priv.d", "D", 28, 0, 0, 0, 0, 0, 0, 0, 0, 0, 0, 17, 12, 57
"/home/roman/X11F/source/glamor/glamor_fbo.d", "D", 270, 0, 0, 0, 0, 0, 0, 0, 0, 0, 0, 33, 59, 362
"/home/roman/X11F/source/glamor/glamor_font.d", "D", 147, 0, 0, 0, 0, 0, 0, 0, 0, 0, 0, 38, 47, 232
"/home/roman/X11F/source/glamor/glamor_glx_provider.d", "D", 287, 0, 0, 0, 0, 0, 0, 0, 0, 0, 0, 83, 56, 426
"/home/roman/X11F/source/glamor/glamor_glyphblt.d", "D", 195, 0, 0, 0, 0, 0, 0, 0, 0, 0, 0, 31, 45, 271
"/home/roman/X11F/source/glamor/glamor_gradient.d", "D", 1112, 0, 0, 0, 0, 0, 0, 0, 0, 0, 0, 167, 162, 1441
"/home/roman/X11F/source/glamor/glamor_image.d", "D", 106, 0, 0, 0, 0, 0, 0, 0, 0, 0, 0, 24, 26, 156
"/home/roman/X11F/source/glamor/glamor_largepixmap.d", "D", 1166, 0, 0, 0, 0, 0, 0, 0, 0, 0, 0, 142, 114, 1422
"/home/roman/X11F/source/glamor/glamor_lines.d", "D", 117, 0, 0, 0, 0, 0, 0, 0, 0, 0, 0, 22, 31, 170
"/home/roman/X11F/source/glamor/glamor_picture.d", "D", 256, 0, 0, 0, 0, 0, 0, 0, 0, 0, 0, 62, 53, 371
"/home/roman/X11F/source/glamor/glamor_pixmap.d", "D", 138, 0, 0, 0, 0, 0, 0, 0, 0, 0, 0, 34, 23, 195
"/home/roman/X11F/source/glamor/glamor_points.d", "D", 84, 0, 0, 0, 0, 0, 0, 0, 0, 0, 0, 27, 20, 131
"/home/roman/X11F/source/glamor/glamor_prepare.d", "D", 191, 0, 0, 0, 0, 0, 0, 0, 0, 0, 0, 61, 51, 303
"/home/roman/X11F/source/glamor/glamor_priv.d", "D", 536, 0, 0, 0, 0, 0, 0, 0, 0, 0, 0, 181, 173, 890
"/home/roman/X11F/source/glamor/glamor_program.d", "D", 554, 0, 0, 0, 0, 0, 0, 0, 0, 0, 0, 30, 100, 684
"/home/roman/X11F/source/glamor/glamor_rects.d", "D", 140, 0, 0, 0, 0, 0, 0, 0, 0, 0, 0, 23, 37, 200
"/home/roman/X11F/source/glamor/glamor_render.d", "D", 1479, 0, 0, 0, 0, 0, 0, 0, 0, 0, 0, 103, 184, 1766
"/home/roman/X11F/source/glamor/glamor_segs.d", "D", 118, 0, 0, 0, 0, 0, 0, 0, 0, 0, 0, 22, 27, 167
"/home/roman/X11F/source/glamor/glamor_spans.d", "D", 268, 0, 0, 0, 0, 0, 0, 0, 0, 0, 0, 26, 67, 361
"/home/roman/X11F/source/glamor/glamor_sync.d", "D", 73, 0, 0, 0, 0, 0, 0, 0, 0, 0, 0, 27, 18, 118
"/home/roman/X11F/source/glamor/glamor_text.d", "D", 355, 0, 0, 0, 0, 0, 0, 0, 0, 0, 0, 65, 76, 496
"/home/roman/X11F/source/glamor/glamor_transfer.d", "D", 124, 0, 0, 0, 0, 0, 0, 0, 0, 0, 0, 34, 37, 195
"/home/roman/X11F/source/glamor/glamor_transform.d", "D", 174, 0, 0, 0, 0, 0, 0, 0, 0, 0, 0, 54, 51, 279
"/home/roman/X11F/source/glamor/glamor_trapezoid.d", "D", 90, 0, 0, 0, 0, 0, 0, 0, 0, 0, 0, 40, 23, 153
"/home/roman/X11F/source/glamor/glamor_triangles.d", "D", 15, 0, 0, 0, 0, 0, 0, 0, 0, 0, 0, 27, 3, 45
"/home/roman/X11F/source/glamor/glamor_utils.d", "D", 50, 0, 0, 0, 0, 0, 0, 0, 0, 0, 0, 21, 9, 80
"/home/roman/X11F/source/glamor/glamor_vbo.d", "D", 106, 0, 0, 0, 0, 0, 0, 0, 0, 0, 0, 60, 27, 193
"/home/roman/X11F/source/glamor/glamor_window.d", "D", 37, 0, 0, 0, 0, 0, 0, 0, 0, 0, 0, 26, 8, 71
"/home/roman/X11F/source/glamor/glamor_xv.d", "D", 701, 0, 0, 0, 0, 0, 0, 0, 0, 0, 0, 46, 103, 850
"/home/roman/X11F/source/glx/clientinfo.d", "D", 67, 0, 0, 0, 0, 0, 0, 0, 0, 0, 0, 31, 20, 118
"/home/roman/X11F/source/glx/createcontext.d", "D", 201, 0, 0, 0, 0, 0, 0, 0, 0, 0, 0, 124, 48, 373
"/home/roman/X11F/source/glx/extension_string.d", "D", 100, 0, 0, 0, 0, 0, 0, 0, 0, 0, 0, 65, 25, 190
"/home/roman/X11F/source/glx/glx_dri/glxdri2.d", "D", 710, 0, 0, 0, 0, 0, 0, 0, 0, 0, 0, 72, 177, 959
"/home/roman/X11F/source/glx/glx_dri/glxdricommon.d", "D", 278, 0, 0, 0, 0, 0, 0, 0, 0, 0, 0, 53, 51, 382
"/home/roman/X11F/source/glx/glx_dri/glxdriswrast.d", "D", 332, 0, 0, 0, 0, 0, 0, 0, 0, 0, 0, 31, 95, 458
"/home/roman/X11F/source/glx/glxcmds.d", "D", 1663, 0, 0, 0, 0, 0, 0, 0, 0, 0, 0, 334, 388, 2385
"/home/roman/X11F/source/glx/glxcmdsswap.d", "D", 481, 0, 0, 0, 0, 0, 0, 0, 0, 0, 0, 49, 170, 700
"/home/roman/X11F/source/glx/glxcontext.d", "D", 42, 0, 0, 0, 0, 0, 0, 0, 0, 0, 0, 77, 25, 144
"/home/roman/X11F/source/glx/glxdrawable.d", "D", 25, 0, 0, 0, 0, 0, 0, 0, 0, 0, 0, 41, 11, 77
"/home/roman/X11F/source/glx/glxext.d", "D", 459, 0, 0, 0, 0, 0, 0, 0, 0, 0, 0, 121, 118, 698
"/home/roman/X11F/source/glx/glxscreens.d", "D", 316, 0, 0, 0, 0, 0, 0, 0, 0, 0, 0, 62, 53, 431
"/home/roman/X11F/source/glx/glxserver.d", "D", 90, 0, 0, 0, 0, 0, 0, 0, 0, 0, 0, 63, 48, 201
"/home/roman/X11F/source/glx/glxutil.d", "D", 8, 0, 0, 0, 0, 0, 0, 0, 0, 0, 0, 32, 6, 46
"/home/roman/X11F/source/glx/indirect_dispatch.d", "D", 3633, 0, 0, 0, 0, 0, 0, 0, 0, 0, 0, 27, 901, 4561
"/home/roman/X11F/source/glx/indirect_dispatch_swap.d", "D", 4082, 0, 0, 0, 0, 0, 0, 0, 0, 0, 0, 27, 923, 5032
"/home/roman/X11F/source/glx/indirect_program.d", "D", 66, 0, 0, 0, 0, 0, 0, 0, 0, 0, 0, 35, 18, 119
"/home/roman/X11F/source/glx/indirect_reqsize.d", "D", 603, 0, 0, 0, 0, 0, 0, 0, 0, 0, 0, 25, 127, 755
"/home/roman/X11F/source/glx/indirect_size.d", "D", 40, 0, 0, 0, 0, 0, 0, 0, 0, 0, 0, 38, 10, 88
"/home/roman/X11F/source/glx/indirect_size_get.d", "D", 1018, 0, 0, 0, 0, 0, 0, 0, 0, 0, 0, 144, 33, 1195
"/home/roman/X11F/source/glx/indirect_table.d", "D", 1626, 0, 0, 0, 0, 0, 0, 0, 0, 0, 0, 102, 85, 1813
"/home/roman/X11F/source/glx/indirect_texture_compression.d", "D", 84, 0, 0, 0, 0, 0, 0, 0, 0, 0, 0, 24, 19, 127
"/home/roman/X11F/source/glx/indirect_util.d", "D", 155, 0, 0, 0, 0, 0, 0, 0, 0, 0, 0, 80, 45, 280
"/home/roman/X11F/source/glx/render2.d", "D", 190, 0, 0, 0, 0, 0, 0, 0, 0, 0, 0, 40, 33, 263
"/home/roman/X11F/source/glx/render2swap.d", "D", 289, 0, 0, 0, 0, 0, 0, 0, 0, 0, 0, 45, 47, 381
"/home/roman/X11F/source/glx/renderpix.d", "D", 27, 0, 0, 0, 0, 0, 0, 0, 0, 0, 0, 32, 8, 67
"/home/roman/X11F/source/glx/renderpixswap.d", "D", 37, 0, 0, 0, 0, 0, 0, 0, 0, 0, 0, 36, 10, 83
"/home/roman/X11F/source/glx/rensize.d", "D", 340, 0, 0, 0, 0, 0, 0, 0, 0, 0, 0, 77, 40, 457
"/home/roman/X11F/source/glx/single2.d", "D", 267, 0, 0, 0, 0, 0, 0, 0, 0, 0, 0, 71, 58, 396
"/home/roman/X11F/source/glx/single2swap.d", "D", 188, 0, 0, 0, 0, 0, 0, 0, 0, 0, 0, 51, 34, 273
"/home/roman/X11F/source/glx/singlepix.d", "D", 415, 0, 0, 0, 0, 0, 0, 0, 0, 0, 0, 51, 71, 537
"/home/roman/X11F/source/glx/singlepixswap.d", "D", 457, 0, 0, 0, 0, 0, 0, 0, 0, 0, 0, 51, 92, 600
"/home/roman/X11F/source/glx/singlesize.d", "D", 130, 0, 0, 0, 0, 0, 0, 0, 0, 0, 0, 44, 16, 190
"/home/roman/X11F/source/glx/swap_interval.d", "D", 51, 0, 0, 0, 0, 0, 0, 0, 0, 0, 0, 23, 16, 90
"/home/roman/X11F/source/glx/unpack.d", "D", 101, 0, 0, 0, 0, 0, 0, 0, 0, 0, 0, 49, 27, 177
"/home/roman/X11F/source/glx/vnd_dispatch_stubs.d", "D", 503, 0, 0, 0, 0, 0, 0, 0, 0, 0, 0, 1, 20, 524
"/home/roman/X11F/source/glx/vndcmds.d", "D", 322, 0, 0, 0, 0, 0, 0, 0, 0, 0, 0, 77, 76, 475
"/home/roman/X11F/source/glx/vndext.d", "D", 241, 0, 0, 0, 0, 0, 0, 0, 0, 0, 0, 32, 47, 320
"/home/roman/X11F/source/glx/vndserver_priv.d", "D", 50, 0, 0, 0, 0, 0, 0, 0, 0, 0, 0, 51, 17, 118
"/home/roman/X11F/source/glx/vndservermapping.d", "D", 167, 0, 0, 0, 0, 0, 0, 0, 0, 0, 0, 36, 33, 236
"/home/roman/X11F/source/glx/vndservervendor.d", "D", 48, 0, 0, 0, 0, 0, 0, 0, 0, 0, 0, 36, 12, 96
"/home/roman/X11F/source/glx/xfont.d", "D", 105, 0, 0, 0, 0, 0, 0, 0, 0, 0, 0, 54, 23, 182
"/home/roman/X11F/source/hw/kdrive/ephyr/ephyr.d", "D", 1090, 0, 0, 0, 0, 0, 0, 0, 0, 0, 0, 115, 252, 1457
"/home/roman/X11F/source/hw/kdrive/ephyr/ephyr_draw.d", "D", 304, 0, 0, 0, 0, 0, 0, 0, 0, 0, 0, 103, 98, 505
"/home/roman/X11F/source/hw/kdrive/ephyr/ephyr_glamor.d", "D", 267, 0, 0, 0, 0, 0, 0, 0, 0, 0, 0, 60, 77, 404
"/home/roman/X11F/source/hw/kdrive/ephyr/ephyrcursor.d", "D", 181, 0, 0, 0, 0, 0, 0, 0, 0, 0, 0, 26, 45, 252
"/home/roman/X11F/source/hw/kdrive/ephyr/ephyrinit.d", "D", 319, 0, 0, 0, 0, 0, 0, 0, 0, 0, 0, 39, 50, 408
"/home/roman/X11F/source/hw/kdrive/ephyr/ephyrlog.d", "D", 29, 0, 0, 0, 0, 0, 0, 0, 0, 0, 0, 31, 9, 69
"/home/roman/X11F/source/hw/kdrive/ephyr/ephyrvideo.d", "D", 817, 0, 0, 0, 0, 0, 0, 0, 0, 0, 0, 51, 206, 1074
"/home/roman/X11F/source/hw/kdrive/ephyr/hostx.d", "D", 1309, 0, 0, 0, 0, 0, 0, 0, 0, 0, 0, 114, 267, 1690
"/home/roman/X11F/source/hw/kdrive/fbdev/fb_glamor.d", "D", 114, 0, 0, 0, 0, 0, 0, 0, 0, 0, 0, 6, 27, 147
"/home/roman/X11F/source/hw/kdrive/fbdev/fbdev.d", "D", 716, 0, 0, 0, 0, 0, 0, 0, 0, 0, 0, 51, 129, 896
"/home/roman/X11F/source/hw/kdrive/fbdev/fbinit.d", "D", 171, 0, 0, 0, 0, 0, 0, 0, 0, 0, 0, 29, 32, 232
"/home/roman/X11F/source/hw/kdrive/linux/evdev/evdev.d", "D", 385, 0, 0, 0, 0, 0, 0, 0, 0, 0, 0, 33, 76, 494
"/home/roman/X11F/source/hw/kdrive/linux/evdev/evdev_autodetect.d", "D", 288, 0, 0, 0, 0, 0, 0, 0, 0, 0, 0, 23, 71, 382
"/home/roman/X11F/source/hw/kdrive/linux/keyboard.d", "D", 275, 0, 0, 0, 0, 0, 0, 0, 0, 0, 0, 58, 32, 365
"/home/roman/X11F/source/hw/kdrive/linux/linux.d", "D", 285, 0, 0, 0, 0, 0, 0, 0, 0, 0, 0, 50, 37, 372
"/home/roman/X11F/source/hw/kdrive/linux/mouse.d", "D", 782, 0, 0, 0, 0, 0, 0, 0, 0, 0, 0, 65, 109, 956
"/home/roman/X11F/source/hw/kdrive/linux/ms.d", "D", 126, 0, 0, 0, 0, 0, 0, 0, 0, 0, 0, 24, 21, 171
"/home/roman/X11F/source/hw/kdrive/linux/ps2.d", "D", 125, 0, 0, 0, 0, 0, 0, 0, 0, 0, 0, 24, 23, 172
"/home/roman/X11F/source/hw/kdrive/linux/tslib.d", "D", 125, 0, 0, 0, 0, 0, 0, 0, 0, 0, 0, 39, 27, 191
"/home/roman/X11F/source/hw/kdrive/src/kcmap.d", "D", 131, 0, 0, 0, 0, 0, 0, 0, 0, 0, 0, 69, 40, 240
"/home/roman/X11F/source/hw/kdrive/src/kd_glamor_xv.d", "D", 90, 0, 0, 0, 0, 0, 0, 0, 0, 0, 0, 24, 24, 138
"/home/roman/X11F/source/hw/kdrive/src/kdrive.d", "D", 999, 0, 0, 0, 0, 0, 0, 0, 0, 0, 0, 96, 162, 1257
"/home/roman/X11F/source/hw/kdrive/src/kinfo.d", "D", 108, 0, 0, 0, 0, 0, 0, 0, 0, 0, 0, 21, 19, 148
"/home/roman/X11F/source/hw/kdrive/src/kinput.d", "D", 1875, 0, 0, 0, 0, 0, 0, 0, 0, 0, 0, 294, 339, 2508
"/home/roman/X11F/source/hw/kdrive/src/kmode.d", "D", 280, 0, 0, 0, 0, 0, 0, 0, 0, 0, 0, 55, 36, 371
"/home/roman/X11F/source/hw/kdrive/src/kshadow.d", "D", 47, 0, 0, 0, 0, 0, 0, 0, 0, 0, 0, 22, 8, 77
"/home/roman/X11F/source/hw/kdrive/src/kxv.d", "D", 909, 0, 0, 0, 0, 0, 0, 0, 0, 0, 0, 103, 277, 1289
"/home/roman/X11F/source/hw/stubs/ddxBeforeReset.d", "D", 8, 0, 0, 0, 0, 0, 0, 0, 0, 0, 0, 4, 3, 15
"/home/roman/X11F/source/hw/vfb/InitInput.d", "D", 99, 0, 0, 0, 0, 0, 0, 0, 0, 0, 0, 31, 23, 153
"/home/roman/X11F/source/hw/vfb/InitOutput.d", "D", 914, 0, 0, 0, 0, 0, 0, 0, 0, 0, 0, 69, 195, 1178
"/home/roman/X11F/source/hw/xfree86/.x86emu/c_debug.c", "C", 0, 0, 365, 0, 0, 0, 0, 0, 0, 0, 0, 82, 41, 488
"/home/roman/X11F/source/hw/xfree86/.x86emu/decode.c", "C", 0, 0, 691, 0, 0, 0, 0, 0, 0, 0, 0, 357, 46, 1094
"/home/roman/X11F/source/hw/xfree86/.x86emu/fpu.c", "C", 0, 0, 853, 0, 0, 0, 0, 0, 0, 0, 0, 56, 68, 977
"/home/roman/X11F/source/hw/xfree86/.x86emu/ops.c", "C", 0, 0, 10330, 0, 0, 0, 0, 0, 0, 0, 0, 1307, 763, 12400
"/home/roman/X11F/source/hw/xfree86/.x86emu/ops2.c", "C", 0, 0, 2791, 0, 0, 0, 0, 0, 0, 0, 0, 189, 169, 3149
"/home/roman/X11F/source/hw/xfree86/.x86emu/prim_ops.c", "C", 0, 0, 1900, 0, 0, 0, 0, 0, 0, 0, 0, 704, 256, 2860
"/home/roman/X11F/source/hw/xfree86/.x86emu/sys.c", "C", 0, 0, 279, 0, 0, 0, 0, 0, 0, 0, 0, 189, 50, 518
"/home/roman/X11F/source/hw/xfree86/.x86emu/validate.c", "C", 0, 0, 647, 0, 0, 0, 0, 0, 0, 0, 0, 43, 80, 770
"/home/roman/X11F/source/hw/xfree86/.x86emu/x86emu.h", "C++", 0, 86, 0, 0, 0, 0, 0, 0, 0, 0, 0, 91, 21, 198
"/home/roman/X11F/source/hw/xfree86/.x86emu/x86emu/debug.h", "C++", 0, 136, 0, 0, 0, 0, 0, 0, 0, 0, 0, 45, 21, 202
"/home/roman/X11F/source/hw/xfree86/.x86emu/x86emu/decode.h", "C++", 0, 39, 0, 0, 0, 0, 0, 0, 0, 0, 0, 40, 9, 88
"/home/roman/X11F/source/hw/xfree86/.x86emu/x86emu/fpu.h", "C++", 0, 17, 0, 0, 0, 0, 0, 0, 0, 0, 0, 38, 6, 61
"/home/roman/X11F/source/hw/xfree86/.x86emu/x86emu/fpu_regs.h", "C++", 0, 47, 0, 0, 0, 0, 0, 0, 0, 0, 0, 56, 17, 120
"/home/roman/X11F/source/hw/xfree86/.x86emu/x86emu/ops.h", "C++", 0, 5, 0, 0, 0, 0, 0, 0, 0, 0, 0, 37, 4, 46
"/home/roman/X11F/source/hw/xfree86/.x86emu/x86emu/prim_asm.h", "C++", 0, 841, 0, 0, 0, 0, 0, 0, 0, 0, 0, 41, 172, 1054
"/home/roman/X11F/source/hw/xfree86/.x86emu/x86emu/prim_ops.h", "C++", 0, 100, 0, 0, 0, 0, 0, 0, 0, 0, 0, 37, 5, 142
"/home/roman/X11F/source/hw/xfree86/.x86emu/x86emu/prim_x86_gcc.h", "C++", 0, 30, 0, 0, 0, 0, 0, 0, 0, 0, 0, 39, 9, 78
"/home/roman/X11F/source/hw/xfree86/.x86emu/x86emu/regs.h", "C++", 0, 180, 0, 0, 0, 0, 0, 0, 0, 0, 0, 102, 50, 332
"/home/roman/X11F/source/hw/xfree86/.x86emu/x86emu/types.h", "C++", 0, 29, 0, 0, 0, 0, 0, 0, 0, 0, 0, 42, 11, 82
"/home/roman/X11F/source/hw/xfree86/.x86emu/x86emu/x86emui.h", "C++", 0, 44, 0, 0, 0, 0, 0, 0, 0, 0, 0, 45, 13, 102
"/home/roman/X11F/source/hw/xfree86/common/action_priv.d", "D", 18, 0, 0, 0, 0, 0, 0, 0, 0, 0, 0, 5, 5, 28
"/home/roman/X11F/source/hw/xfree86/common/dgaproc_priv.d", "D", 11, 0, 0, 0, 0, 0, 0, 0, 0, 0, 0, 5, 5, 21
"/home/roman/X11F/source/hw/xfree86/common/seatd-libseat.d", "D", 15, 0, 0, 0, 0, 0, 0, 0, 0, 0, 0, 35, 16, 66
"/home/roman/X11F/source/hw/xfree86/common/xf86AutoConfig.d", "D", 309, 0, 0, 0, 0, 0, 0, 0, 0, 0, 0, 63, 72, 444
"/home/roman/X11F/source/hw/xfree86/common/xf86Bus.d", "D", 613, 0, 0, 0, 0, 0, 0, 0, 0, 0, 0, 161, 104, 878
"/home/roman/X11F/source/hw/xfree86/common/xf86Config.d", "D", 1933, 0, 0, 0, 0, 0, 0, 0, 0, 0, 0, 336, 259, 2528
"/home/roman/X11F/source/hw/xfree86/common/xf86Configure.d", "D", 677, 0, 0, 0, 0, 0, 0, 0, 0, 0, 0, 67, 132, 876
"/home/roman/X11F/source/hw/xfree86/common/xf86Cursor.d", "D", 608, 0, 0, 0, 0, 0, 0, 0, 0, 0, 0, 104, 138, 850
"/home/roman/X11F/source/hw/xfree86/common/xf86DGA.d", "D", 1284, 0, 0, 0, 0, 0, 0, 0, 0, 0, 0, 91, 347, 1722
"/home/roman/X11F/source/hw/xfree86/common/xf86DPMS.d", "D", 52, 0, 0, 0, 0, 0, 0, 0, 0, 0, 0, 31, 5, 88
"/home/roman/X11F/source/hw/xfree86/common/xf86Events.d", "D", 443, 0, 0, 0, 0, 0, 0, 0, 0, 0, 0, 146, 115, 704
"/home/roman/X11F/source/hw/xfree86/common/xf86Extensions.d", "D", 88, 0, 0, 0, 0, 0, 0, 0, 0, 0, 0, 31, 17, 136
"/home/roman/X11F/source/hw/xfree86/common/xf86Globals.d", "D", 154, 0, 0, 0, 0, 0, 0, 0, 0, 0, 0, 35, 21, 210
"/home/roman/X11F/source/hw/xfree86/common/xf86Helper.d", "D", 1156, 0, 0, 0, 0, 0, 0, 0, 0, 0, 0, 236, 197, 1589
"/home/roman/X11F/source/hw/xfree86/common/xf86InPriv.d", "D", 5, 0, 0, 0, 0, 0, 0, 0, 0, 0, 0, 28, 3, 36
"/home/roman/X11F/source/hw/xfree86/common/xf86Init.d", "D", 965, 0, 0, 0, 0, 0, 0, 0, 0, 0, 0, 201, 158, 1324
"/home/roman/X11F/source/hw/xfree86/common/xf86MatchDrivers.d", "D", 10, 0, 0, 0, 0, 0, 0, 0, 0, 0, 0, 26, 9, 45
"/home/roman/X11F/source/hw/xfree86/common/xf86Mode.d", "D", 1383, 0, 0, 0, 0, 0, 0, 0, 0, 0, 0, 487, 204, 2074
"/home/roman/X11F/source/hw/xfree86/common/xf86Module_priv.d", "D", 6, 0, 0, 0, 0, 0, 0, 0, 0, 0, 0, 15, 5, 26
"/home/roman/X11F/source/hw/xfree86/common/xf86Opt_priv.d", "D", 6, 0, 0, 0, 0, 0, 0, 0, 0, 0, 0, 5, 4, 15
"/home/roman/X11F/source/hw/xfree86/common/xf86Option.d", "D", 645, 0, 0, 0, 0, 0, 0, 0, 0, 0, 0, 78, 94, 817
"/home/roman/X11F/source/hw/xfree86/common/xf86PM.d", "D", 186, 0, 0, 0, 0, 0, 0, 0, 0, 0, 0, 28, 17, 231
"/home/roman/X11F/source/hw/xfree86/common/xf86RandR.d", "D", 286, 0, 0, 0, 0, 0, 0, 0, 0, 0, 0, 49, 61, 396
"/home/roman/X11F/source/hw/xfree86/common/xf86VGAarbiter.d", "D", 708, 0, 0, 0, 0, 0, 0, 0, 0, 0, 0, 37, 140, 885
"/home/roman/X11F/source/hw/xfree86/common/xf86VGAarbiterPriv.d", "D", 160, 0, 0, 0, 0, 0, 0, 0, 0, 0, 0, 33, 28, 221
"/home/roman/X11F/source/hw/xfree86/common/xf86VGAarbiter_priv.d", "D", 14, 0, 0, 0, 0, 0, 0, 0, 0, 0, 0, 6, 16, 36
"/home/roman/X11F/source/hw/xfree86/common/xf86VidMode.d", "D", 319, 0, 0, 0, 0, 0, 0, 0, 0, 0, 0, 41, 83, 443
"/home/roman/X11F/source/hw/xfree86/common/xf86Xinput.d", "D", 1058, 0, 0, 0, 0, 0, 0, 0, 0, 0, 0, 288, 246, 1592
"/home/roman/X11F/source/hw/xfree86/common/xf86Xinput_priv.d", "D", 14, 0, 0, 0, 0, 0, 0, 0, 0, 0, 0, 5, 11, 30
"/home/roman/X11F/source/hw/xfree86/common/xf86_pci_priv.d", "D", 14, 0, 0, 0, 0, 0, 0, 0, 0, 0, 0, 13, 5, 32
"/home/roman/X11F/source/hw/xfree86/common/xf86_priv.d", "D", 63, 0, 0, 0, 0, 0, 0, 0, 0, 0, 0, 19, 23, 105
"/home/roman/X11F/source/hw/xfree86/common/xf86cmap.d", "D", 833, 0, 0, 0, 0, 0, 0, 0, 0, 0, 0, 77, 172, 1082
"/home/roman/X11F/source/hw/xfree86/common/xf86fbBus.d", "D", 30, 0, 0, 0, 0, 0, 0, 0, 0, 0, 0, 30, 7, 67
"/home/roman/X11F/source/hw/xfree86/common/xf86fbman.d", "D", 879, 0, 0, 0, 0, 0, 0, 0, 0, 0, 0, 63, 223, 1165
"/home/roman/X11F/source/hw/xfree86/common/xf86noBus.d", "D", 26, 0, 0, 0, 0, 0, 0, 0, 0, 0, 0, 30, 7, 63
"/home/roman/X11F/source/hw/xfree86/common/xf86pciBus.d", "D", 1057, 0, 0, 0, 0, 0, 0, 0, 0, 0, 0, 232, 155, 1444
"/home/roman/X11F/source/hw/xfree86/common/xf86platformBus.d", "D", 671, 0, 0, 0, 0, 0, 0, 0, 0, 0, 0, 64, 133, 868
"/home/roman/X11F/source/hw/xfree86/common/xf86platformBus_priv.d", "D", 32, 0, 0, 0, 0, 0, 0, 0, 0, 0, 0, 5, 16, 53
"/home/roman/X11F/source/hw/xfree86/common/xf86sbusBus.d", "D", 589, 0, 0, 0, 0, 0, 0, 0, 0, 0, 0, 66, 68, 723
"/home/roman/X11F/source/hw/xfree86/common/xf86sbusBus_priv.d", "D", 22, 0, 0, 0, 0, 0, 0, 0, 0, 0, 0, 6, 8, 36
"/home/roman/X11F/source/hw/xfree86/common/xf86xv.d", "D", 1290, 0, 0, 0, 0, 0, 0, 0, 0, 0, 0, 136, 369, 1795
"/home/roman/X11F/source/hw/xfree86/common/xf86xvmc.d", "D", 145, 0, 0, 0, 0, 0, 0, 0, 0, 0, 0, 29, 38, 212
"/home/roman/X11F/source/hw/xfree86/common/xf86xvpriv.d", "D", 54, 0, 0, 0, 0, 0, 0, 0, 0, 0, 0, 28, 9, 91
"/home/roman/X11F/source/hw/xfree86/common/xisb.d", "D", 65, 0, 0, 0, 0, 0, 0, 0, 0, 0, 0, 46, 11, 122
"/home/roman/X11F/source/hw/xfree86/common/xorgHelper.d", "D", 18, 0, 0, 0, 0, 0, 0, 0, 0, 0, 0, 1, 5, 24
"/home/roman/X11F/source/hw/xfree86/compat/10-quirks.conf", "Properties", 0, 0, 0, 0, 0, 0, 0, 0, 0, 0, 29, 13, 7, 49
"/home/roman/X11F/source/hw/xfree86/compat/clientexception.d", "D", 12, 0, 0, 0, 0, 0, 0, 0, 0, 0, 0, 6, 6, 24
"/home/roman/X11F/source/hw/xfree86/compat/geeventinit.d", "D", 14, 0, 0, 0, 0, 0, 0, 0, 0, 0, 0, 10, 8, 32
"/home/roman/X11F/source/hw/xfree86/compat/log.d", "D", 28, 0, 0, 0, 0, 0, 0, 0, 0, 0, 0, 9, 14, 51
"/home/roman/X11F/source/hw/xfree86/compat/nvidiabug.d", "D", 25, 0, 0, 0, 0, 0, 0, 0, 0, 0, 0, 4, 6, 35
"/home/roman/X11F/source/hw/xfree86/compat/ones.d", "D", 21, 0, 0, 0, 0, 0, 0, 0, 0, 0, 0, 10, 7, 38
"/home/roman/X11F/source/hw/xfree86/compat/timercheck.d", "D", 11, 0, 0, 0, 0, 0, 0, 0, 0, 0, 0, 8, 8, 27
"/home/roman/X11F/source/hw/xfree86/compat/xf86Helper.d", "D", 16, 0, 0, 0, 0, 0, 0, 0, 0, 0, 0, 9, 10, 35
"/home/roman/X11F/source/hw/xfree86/compat/xf86_compat.d", "D", 6, 0, 0, 0, 0, 0, 0, 0, 0, 0, 0, 5, 3, 14
"/home/roman/X11F/source/hw/xfree86/ddc/ddc.d", "D", 325, 0, 0, 0, 0, 0, 0, 0, 0, 0, 0, 66, 77, 468
"/home/roman/X11F/source/hw/xfree86/ddc/ddcProperty.d", "D", 44, 0, 0, 0, 0, 0, 0, 0, 0, 0, 0, 23, 14, 81
"/home/roman/X11F/source/hw/xfree86/ddc/edid_priv.d", "D", 279, 0, 0, 0, 0, 0, 0, 0, 0, 0, 0, 36, 31, 346
"/home/roman/X11F/source/hw/xfree86/ddc/interpret_edid.d", "D", 614, 0, 0, 0, 0, 0, 0, 0, 0, 0, 0, 45, 134, 793
"/home/roman/X11F/source/hw/xfree86/ddc/print_edid.d", "D", 496, 0, 0, 0, 0, 0, 0, 0, 0, 0, 0, 35, 48, 579
"/home/roman/X11F/source/hw/xfree86/ddc/xf86DDC_priv.d", "D", 36, 0, 0, 0, 0, 0, 0, 0, 0, 0, 0, 20, 14, 70
"/home/roman/X11F/source/hw/xfree86/dixmods/fbmodule.d", "D", 28, 0, 0, 0, 0, 0, 0, 0, 0, 0, 0, 25, 5, 58
"/home/roman/X11F/source/hw/xfree86/dixmods/glxmodule.d", "D", 44, 0, 0, 0, 0, 0, 0, 0, 0, 0, 0, 32, 10, 86
"/home/roman/X11F/source/hw/xfree86/dixmods/shmodule.d", "D", 28, 0, 0, 0, 0, 0, 0, 0, 0, 0, 0, 24, 4, 56
"/home/roman/X11F/source/hw/xfree86/doc/ddxDesign.xml", "XML", 0, 0, 0, 0, 0, 7309, 0, 0, 0, 0, 0, 2, 1257, 8568
"/home/roman/X11F/source/hw/xfree86/dri/dri.d", "D", 1748, 0, 0, 0, 0, 0, 0, 0, 0, 0, 0, 212, 399, 2359
"/home/roman/X11F/source/hw/xfree86/dri/dri_priv.d", "D", 5, 0, 0, 0, 0, 0, 0, 0, 0, 0, 0, 5, 4, 14
"/home/roman/X11F/source/hw/xfree86/dri/xf86dri.d", "D", 361, 0, 0, 0, 0, 0, 0, 0, 0, 0, 0, 42, 92, 495
"/home/roman/X11F/source/hw/xfree86/drivers/input/inputtest/xf86-input-inputtest-protocol.d", "D", 128, 0, 0, 0, 0, 0, 0, 0, 0, 0, 0, 25, 27, 180
"/home/roman/X11F/source/hw/xfree86/drivers/input/inputtest/xf86-input-inputtest.d", "D", 866, 0, 0, 0, 0, 0, 0, 0, 0, 0, 0, 54, 185, 1105
"/home/roman/X11F/source/hw/xfree86/drivers/video/modesetting/dri2.d", "D", 747, 0, 0, 0, 0, 0, 0, 0, 0, 0, 0, 149, 176, 1072
"/home/roman/X11F/source/hw/xfree86/drivers/video/modesetting/driver.d", "D", 1814, 0, 0, 0, 0, 0, 0, 0, 0, 0, 0, 135, 455, 2404
"/home/roman/X11F/source/hw/xfree86/drivers/video/modesetting/drmmode_bo.d", "D", 258, 0, 0, 0, 0, 0, 0, 0, 0, 0, 0, 35, 69, 362
"/home/roman/X11F/source/hw/xfree86/drivers/video/modesetting/drmmode_display.d", "D", 3697, 0, 0, 0, 0, 0, 0, 0, 0, 0, 0, 284, 910, 4891
"/home/roman/X11F/source/hw/xfree86/drivers/video/modesetting/pageflip.d", "D", 403, 0, 0, 0, 0, 0, 0, 0, 0, 0, 0, 175, 96, 674
"/home/roman/X11F/source/hw/xfree86/drivers/video/modesetting/present.d", "D", 329, 0, 0, 0, 0, 0, 0, 0, 0, 0, 0, 106, 96, 531
"/home/roman/X11F/source/hw/xfree86/drivers/video/modesetting/vblank.d", "D", 457, 0, 0, 0, 0, 0, 0, 0, 0, 0, 0, 112, 95, 664
"/home/roman/X11F/source/hw/xfree86/exa/examodule.d", "D", 140, 0, 0, 0, 0, 0, 0, 0, 0, 0, 0, 30, 35, 205
"/home/roman/X11F/source/hw/xfree86/fbdevhw/fbdevhw.d", "D", 782, 0, 0, 0, 0, 0, 0, 0, 0, 0, 0, 66, 150, 998
"/home/roman/X11F/source/hw/xfree86/fbdevhw/fbdevhwstub.d", "D", 124, 0, 0, 0, 0, 0, 0, 0, 0, 0, 0, 1, 34, 159
"/home/roman/X11F/source/hw/xfree86/fbdevhw/fbpriv.d", "D", 192, 0, 0, 0, 0, 0, 0, 0, 0, 0, 0, 28, 43, 263
"/home/roman/X11F/source/hw/xfree86/glamor_egl/glamor_eglmodule.d", "D", 23, 0, 0, 0, 0, 0, 0, 0, 0, 0, 0, 28, 4, 55
"/home/roman/X11F/source/hw/xfree86/glamor_egl/glamor_xf86_egl.d", "D", 102, 0, 0, 0, 0, 0, 0, 0, 0, 0, 0, 5, 27, 134
"/home/roman/X11F/source/hw/xfree86/glamor_egl/glamor_xf86_xv.d", "D", 100, 0, 0, 0, 0, 0, 0, 0, 0, 0, 0, 35, 26, 161
"/home/roman/X11F/source/hw/xfree86/i2c/xf86i2c.d", "D", 414, 0, 0, 0, 0, 0, 0, 0, 0, 0, 0, 223, 151, 788
"/home/roman/X11F/source/hw/xfree86/int10/generic.d", "D", 355, 0, 0, 0, 0, 0, 0, 0, 0, 0, 0, 28, 81, 464
"/home/roman/X11F/source/hw/xfree86/int10/helper_exec.d", "D", 583, 0, 0, 0, 0, 0, 0, 0, 0, 0, 0, 48, 95, 726
"/home/roman/X11F/source/hw/xfree86/int10/helper_mem.d", "D", 209, 0, 0, 0, 0, 0, 0, 0, 0, 0, 0, 54, 56, 319
"/home/roman/X11F/source/hw/xfree86/int10/stub.d", "D", 46, 0, 0, 0, 0, 0, 0, 0, 0, 0, 0, 5, 11, 62
"/home/roman/X11F/source/hw/xfree86/int10/vbe.d", "D", 651, 0, 0, 0, 0, 0, 0, 0, 0, 0, 0, 185, 139, 975
"/home/roman/X11F/source/hw/xfree86/int10/vbeModes.d", "D", 351, 0, 0, 0, 0, 0, 0, 0, 0, 0, 0, 56, 37, 444
"/home/roman/X11F/source/hw/xfree86/int10/x86emu.d", "D", 4, 0, 0, 0, 0, 0, 0, 0, 0, 0, 0, 7, 2, 13
"/home/roman/X11F/source/hw/xfree86/int10/xf86int10.d", "D", 595, 0, 0, 0, 0, 0, 0, 0, 0, 0, 0, 191, 89, 875
"/home/roman/X11F/source/hw/xfree86/int10/xf86int10_priv.d", "D", 48, 0, 0, 0, 0, 0, 0, 0, 0, 0, 0, 14, 11, 73
"/home/roman/X11F/source/hw/xfree86/int10/xf86int10module.d", "D", 20, 0, 0, 0, 0, 0, 0, 0, 0, 0, 0, 5, 4, 29
"/home/roman/X11F/source/hw/xfree86/int10/xf86x86emu.d", "D", 66, 0, 0, 0, 0, 0, 0, 0, 0, 0, 0, 5, 17, 88
"/home/roman/X11F/source/hw/xfree86/loader/loader.d", "D", 113, 0, 0, 0, 0, 0, 0, 0, 0, 0, 0, 87, 29, 229
"/home/roman/X11F/source/hw/xfree86/loader/loaderProcs.d", "D", 30, 0, 0, 0, 0, 0, 0, 0, 0, 0, 0, 49, 13, 92
"/home/roman/X11F/source/hw/xfree86/loader/loadmod.d", "D", 896, 0, 0, 0, 0, 0, 0, 0, 0, 0, 0, 138, 115, 1149
"/home/roman/X11F/source/hw/xfree86/loader/symbol-test.d", "D", 24, 0, 0, 0, 0, 0, 0, 0, 0, 0, 0, 25, 7, 56
"/home/roman/X11F/source/hw/xfree86/modes/xf86Crtc.d", "D", 2517, 0, 0, 0, 0, 0, 0, 0, 0, 0, 0, 426, 508, 3451
"/home/roman/X11F/source/hw/xfree86/modes/xf86Cursors.d", "D", 497, 0, 0, 0, 0, 0, 0, 0, 0, 0, 0, 76, 91, 664
"/home/roman/X11F/source/hw/xfree86/modes/xf86DiDGA.d", "D", 153, 0, 0, 0, 0, 0, 0, 0, 0, 0, 0, 21, 27, 201
"/home/roman/X11F/source/hw/xfree86/modes/xf86EdidModes.d", "D", 886, 0, 0, 0, 0, 0, 0, 0, 0, 0, 0, 150, 158, 1194
"/home/roman/X11F/source/hw/xfree86/modes/xf86Modes.d", "D", 529, 0, 0, 0, 0, 0, 0, 0, 0, 0, 0, 176, 96, 801
"/home/roman/X11F/source/hw/xfree86/modes/xf86RandR12.d", "D", 1679, 0, 0, 0, 0, 0, 0, 0, 0, 0, 0, 307, 342, 2328
"/home/roman/X11F/source/hw/xfree86/modes/xf86RandR12_priv.d", "D", 10, 0, 0, 0, 0, 0, 0, 0, 0, 0, 0, 7, 7, 24
"/home/roman/X11F/source/hw/xfree86/modes/xf86Rotate.d", "D", 373, 0, 0, 0, 0, 0, 0, 0, 0, 0, 0, 64, 53, 490
"/home/roman/X11F/source/hw/xfree86/modes/xf86gtf.d", "D", 106, 0, 0, 0, 0, 0, 0, 0, 0, 0, 0, 211, 68, 385
"/home/roman/X11F/source/hw/xfree86/os_support/bsd/alpha_video.c", "C", 0, 0, 159, 0, 0, 0, 0, 0, 0, 0, 0, 35, 33, 227
"/home/roman/X11F/source/hw/xfree86/os_support/bsd/arm_video.c", "C", 0, 0, 111, 0, 0, 0, 0, 0, 0, 0, 0, 66, 29, 206
"/home/roman/X11F/source/hw/xfree86/os_support/bsd/bsd_VTsw.c", "C", 0, 0, 63, 0, 0, 0, 0, 0, 0, 0, 0, 31, 9, 103
"/home/roman/X11F/source/hw/xfree86/os_support/bsd/bsd_bell.c", "C", 0, 0, 37, 0, 0, 0, 0, 0, 0, 0, 0, 24, 6, 67
"/home/roman/X11F/source/hw/xfree86/os_support/bsd/bsd_init.c", "C", 0, 0, 454, 0, 0, 0, 0, 0, 0, 0, 0, 89, 64, 607
"/home/roman/X11F/source/hw/xfree86/os_support/bsd/bsd_kmod.c", "C", 0, 0, 15, 0, 0, 0, 0, 0, 0, 0, 0, 9, 4, 28
"/home/roman/X11F/source/hw/xfree86/os_support/bsd/i386_video.c", "C", 0, 0, 182, 0, 0, 0, 0, 0, 0, 0, 0, 43, 43, 268
"/home/roman/X11F/source/hw/xfree86/os_support/bsd/memrange.h", "C++", 0, 50, 0, 0, 0, 0, 0, 0, 0, 0, 0, 6, 13, 69
"/home/roman/X11F/source/hw/xfree86/os_support/bsd/ppc_video.c", "C", 0, 0, 46, 0, 0, 0, 0, 0, 0, 0, 0, 27, 13, 86
"/home/roman/X11F/source/hw/xfree86/os_support/bsd/sparc64_video.c", "C", 0, 0, 11, 0, 0, 0, 0, 0, 0, 0, 0, 27, 5, 43
"/home/roman/X11F/source/hw/xfree86/os_support/bsd/xf86_bsd_priv.h", "C++", 0, 14, 0, 0, 0, 0, 0, 0, 0, 0, 0, 4, 5, 23
"/home/roman/X11F/source/hw/xfree86/os_support/bus/Pci.c", "C", 0, 0, 13, 0, 0, 0, 0, 0, 0, 0, 0, 122, 6, 141
"/home/roman/X11F/source/hw/xfree86/os_support/bus/Pci.d", "D", 18, 0, 0, 0, 0, 0, 0, 0, 0, 0, 0, 122, 7, 147
"/home/roman/X11F/source/hw/xfree86/os_support/bus/Pci.h", "C++", 0, 23, 0, 0, 0, 0, 0, 0, 0, 0, 0, 106, 13, 142
"/home/roman/X11F/source/hw/xfree86/os_support/bus/Sbus.c", "C", 0, 0, 613, 0, 0, 0, 0, 0, 0, 0, 0, 34, 63, 710
"/home/roman/X11F/source/hw/xfree86/os_support/bus/Sbus.d", "D", 592, 0, 0, 0, 0, 0, 0, 0, 0, 0, 0, 34, 63, 689
"/home/roman/X11F/source/hw/xfree86/os_support/bus/nobus.c", "C", 0, 0, 7, 0, 0, 0, 0, 0, 0, 0, 0, 0, 2, 9
"/home/roman/X11F/source/hw/xfree86/os_support/bus/nobus.d", "D", 7, 0, 0, 0, 0, 0, 0, 0, 0, 0, 0, 0, 3, 10
"/home/roman/X11F/source/hw/xfree86/os_support/bus/xf86Sbus_priv.d", "D", 21, 0, 0, 0, 0, 0, 0, 0, 0, 0, 0, 34, 10, 65
"/home/roman/X11F/source/hw/xfree86/os_support/bus/xf86Sbus_priv.h", "C++", 0, 38, 0, 0, 0, 0, 0, 0, 0, 0, 0, 23, 4, 65
"/home/roman/X11F/source/hw/xfree86/os_support/hurd/hurd_bell.c", "C", 0, 0, 9, 0, 0, 0, 0, 0, 0, 0, 0, 24, 3, 36
"/home/roman/X11F/source/hw/xfree86/os_support/hurd/hurd_init.c", "C", 0, 0, 64, 0, 0, 0, 0, 0, 0, 0, 0, 22, 14, 100
"/home/roman/X11F/source/hw/xfree86/os_support/hurd/hurd_video.c", "C", 0, 0, 38, 0, 0, 0, 0, 0, 0, 0, 0, 39, 10, 87
"/home/roman/X11F/source/hw/xfree86/os_support/int10Defines.d", "D", 50, 0, 0, 0, 0, 0, 0, 0, 0, 0, 0, 26, 13, 89
"/home/roman/X11F/source/hw/xfree86/os_support/linux/int10/linux.d", "D", 416, 0, 0, 0, 0, 0, 0, 0, 0, 0, 0, 10, 59, 485
"/home/roman/X11F/source/hw/xfree86/os_support/linux/int10/vm86/linux_vm86.d", "D", 275, 0, 0, 0, 0, 0, 0, 0, 0, 0, 0, 16, 50, 341
"/home/roman/X11F/source/hw/xfree86/os_support/linux/linux.d", "D", 4, 0, 0, 0, 0, 0, 0, 0, 0, 0, 0, 24, 5, 33
"/home/roman/X11F/source/hw/xfree86/os_support/linux/lnx_acpi.d", "D", 142, 0, 0, 0, 0, 0, 0, 0, 0, 0, 0, 6, 34, 182
"/home/roman/X11F/source/hw/xfree86/os_support/linux/lnx_agp.d", "D", 259, 0, 0, 0, 0, 0, 0, 0, 0, 0, 0, 42, 60, 361
"/home/roman/X11F/source/hw/xfree86/os_support/linux/lnx_apm.d", "D", 150, 0, 0, 0, 0, 0, 0, 0, 0, 0, 0, 42, 32, 224
"/home/roman/X11F/source/hw/xfree86/os_support/linux/lnx_bell.d", "D", 17, 0, 0, 0, 0, 0, 0, 0, 0, 0, 0, 24, 5, 46
"/home/roman/X11F/source/hw/xfree86/os_support/linux/lnx_init.d", "D", 288, 0, 0, 0, 0, 0, 0, 0, 0, 0, 0, 66, 64, 418
"/home/roman/X11F/source/hw/xfree86/os_support/linux/lnx_kmod.d", "D", 68, 0, 0, 0, 0, 0, 0, 0, 0, 0, 0, 29, 13, 110
"/home/roman/X11F/source/hw/xfree86/os_support/linux/lnx_video.d", "D", 123, 0, 0, 0, 0, 0, 0, 0, 0, 0, 0, 38, 39, 200
"/home/roman/X11F/source/hw/xfree86/os_support/linux/systemd_logind.d", "D", 515, 0, 0, 0, 0, 0, 0, 0, 0, 0, 0, 54, 95, 664
"/home/roman/X11F/source/hw/xfree86/os_support/misc/SlowBcopy.d", "D", 59, 0, 0, 0, 0, 0, 0, 0, 0, 0, 0, 14, 17, 90
"/home/roman/X11F/source/hw/xfree86/os_support/shared/VTsw_noop.d", "D", 24, 0, 0, 0, 0, 0, 0, 0, 0, 0, 0, 26, 8, 58
"/home/roman/X11F/source/hw/xfree86/os_support/shared/VTsw_usl.d", "D", 49, 0, 0, 0, 0, 0, 0, 0, 0, 0, 0, 32, 11, 92
"/home/roman/X11F/source/hw/xfree86/os_support/shared/agp_noop.d", "D", 46, 0, 0, 0, 0, 0, 0, 0, 0, 0, 0, 31, 13, 90
"/home/roman/X11F/source/hw/xfree86/os_support/shared/drm_platform.d", "D", 180, 0, 0, 0, 0, 0, 0, 0, 0, 0, 0, 7, 48, 235
"/home/roman/X11F/source/hw/xfree86/os_support/shared/ioperm_noop.d", "D", 15, 0, 0, 0, 0, 0, 0, 0, 0, 0, 0, 27, 5, 47
"/home/roman/X11F/source/hw/xfree86/os_support/shared/kmod_noop.d", "D", 10, 0, 0, 0, 0, 0, 0, 0, 0, 0, 0, 26, 3, 39
"/home/roman/X11F/source/hw/xfree86/os_support/shared/platform_noop.d", "D", 27, 0, 0, 0, 0, 0, 0, 0, 0, 0, 0, 1, 10, 38
"/home/roman/X11F/source/hw/xfree86/os_support/shared/pm_noop.d", "D", 13, 0, 0, 0, 0, 0, 0, 0, 0, 0, 0, 28, 5, 46
"/home/roman/X11F/source/hw/xfree86/os_support/shared/posix_tty.d", "D", 451, 0, 0, 0, 0, 0, 0, 0, 0, 0, 0, 64, 81, 596
"/home/roman/X11F/source/hw/xfree86/os_support/shared/seatd-libseat.d", "D", 256, 0, 0, 0, 0, 0, 0, 0, 0, 0, 0, 99, 37, 392
"/home/roman/X11F/source/hw/xfree86/os_support/shared/sigio.d", "D", 207, 0, 0, 0, 0, 0, 0, 0, 0, 0, 0, 64, 27, 298
"/home/roman/X11F/source/hw/xfree86/os_support/shared/sigiostubs.d", "D", 16, 0, 0, 0, 0, 0, 0, 0, 0, 0, 0, 27, 5, 48
"/home/roman/X11F/source/hw/xfree86/os_support/shared/vidmem.d", "D", 18, 0, 0, 0, 0, 0, 0, 0, 0, 0, 0, 30, 6, 54
"/home/roman/X11F/source/hw/xfree86/os_support/solaris/sun_VTsw.c", "C", 0, 0, 84, 0, 0, 0, 0, 0, 0, 0, 0, 25, 24, 133
"/home/roman/X11F/source/hw/xfree86/os_support/solaris/sun_agp.c", "C", 0, 0, 203, 0, 0, 0, 0, 0, 0, 0, 0, 52, 52, 307
"/home/roman/X11F/source/hw/xfree86/os_support/solaris/sun_apm.c", "C", 0, 0, 124, 0, 0, 0, 0, 0, 0, 0, 0, 53, 19, 196
"/home/roman/X11F/source/hw/xfree86/os_support/solaris/sun_bell.c", "C", 0, 0, 127, 0, 0, 0, 0, 0, 0, 0, 0, 29, 28, 184
"/home/roman/X11F/source/hw/xfree86/os_support/solaris/sun_init.c", "C", 0, 0, 273, 0, 0, 0, 0, 0, 0, 0, 0, 69, 70, 412
"/home/roman/X11F/source/hw/xfree86/os_support/solaris/sun_vid.c", "C", 0, 0, 40, 0, 0, 0, 0, 0, 0, 0, 0, 55, 11, 106
"/home/roman/X11F/source/hw/xfree86/os_support/stub/stub_bell.d", "D", 8, 0, 0, 0, 0, 0, 0, 0, 0, 0, 0, 0, 3, 11
"/home/roman/X11F/source/hw/xfree86/os_support/stub/stub_init.d", "D", 27, 0, 0, 0, 0, 0, 0, 0, 0, 0, 0, 0, 9, 36
"/home/roman/X11F/source/hw/xfree86/os_support/stub/stub_video.d", "D", 11, 0, 0, 0, 0, 0, 0, 0, 0, 0, 0, 0, 3, 14
"/home/roman/X11F/source/hw/xfree86/os_support/xf86_os_support.d", "D", 43, 0, 0, 0, 0, 0, 0, 0, 0, 0, 0, 16, 20, 79
"/home/roman/X11F/source/hw/xfree86/parser/Configint.d", "D", 130, 0, 0, 0, 0, 0, 0, 0, 0, 0, 0, 66, 22, 218
"/home/roman/X11F/source/hw/xfree86/parser/DRI.d", "D", 77, 0, 0, 0, 0, 0, 0, 0, 0, 0, 0, 29, 14, 120
"/home/roman/X11F/source/hw/xfree86/parser/Device.d", "D", 274, 0, 0, 0, 0, 0, 0, 0, 0, 0, 0, 55, 20, 349
"/home/roman/X11F/source/hw/xfree86/parser/Extensions.d", "D", 62, 0, 0, 0, 0, 0, 0, 0, 0, 0, 0, 31, 16, 109
"/home/roman/X11F/source/hw/xfree86/parser/Files.d", "D", 164, 0, 0, 0, 0, 0, 0, 0, 0, 0, 0, 54, 18, 236
"/home/roman/X11F/source/hw/xfree86/parser/Flags.d", "D", 362, 0, 0, 0, 0, 0, 0, 0, 0, 0, 0, 75, 57, 494
"/home/roman/X11F/source/hw/xfree86/parser/Input.d", "D", 123, 0, 0, 0, 0, 0, 0, 0, 0, 0, 0, 53, 21, 197
"/home/roman/X11F/source/hw/xfree86/parser/InputClass.d", "D", 423, 0, 0, 0, 0, 0, 0, 0, 0, 0, 0, 34, 23, 480
"/home/roman/X11F/source/hw/xfree86/parser/Layout.d", "D", 424, 0, 0, 0, 0, 0, 0, 0, 0, 0, 0, 61, 45, 530
"/home/roman/X11F/source/hw/xfree86/parser/Module.d", "D", 196, 0, 0, 0, 0, 0, 0, 0, 0, 0, 0, 53, 27, 276
"/home/roman/X11F/source/hw/xfree86/parser/Monitor.d", "D", 711, 0, 0, 0, 0, 0, 0, 0, 0, 0, 0, 71, 68, 850
"/home/roman/X11F/source/hw/xfree86/parser/OutputClass.d", "D", 169, 0, 0, 0, 0, 0, 0, 0, 0, 0, 0, 26, 22, 217
"/home/roman/X11F/source/hw/xfree86/parser/Pointer.d", "D", 158, 0, 0, 0, 0, 0, 0, 0, 0, 0, 0, 53, 13, 224
"/home/roman/X11F/source/hw/xfree86/parser/Screen.d", "D", 463, 0, 0, 0, 0, 0, 0, 0, 0, 0, 0, 54, 41, 558
"/home/roman/X11F/source/hw/xfree86/parser/Vendor.d", "D", 150, 0, 0, 0, 0, 0, 0, 0, 0, 0, 0, 53, 26, 229
"/home/roman/X11F/source/hw/xfree86/parser/Video.d", "D", 198, 0, 0, 0, 0, 0, 0, 0, 0, 0, 0, 53, 29, 280
"/home/roman/X11F/source/hw/xfree86/parser/configProcs.d", "D", 65, 0, 0, 0, 0, 0, 0, 0, 0, 0, 0, 48, 23, 136
"/home/roman/X11F/source/hw/xfree86/parser/patterns.d", "D", 151, 0, 0, 0, 0, 0, 0, 0, 0, 0, 0, 40, 20, 211
"/home/roman/X11F/source/hw/xfree86/parser/read.d", "D", 211, 0, 0, 0, 0, 0, 0, 0, 0, 0, 0, 72, 22, 305
"/home/roman/X11F/source/hw/xfree86/parser/scan.d", "D", 751, 0, 0, 0, 0, 0, 0, 0, 0, 0, 0, 218, 136, 1105
"/home/roman/X11F/source/hw/xfree86/parser/write.d", "D", 71, 0, 0, 0, 0, 0, 0, 0, 0, 0, 0, 52, 27, 150
"/home/roman/X11F/source/hw/xfree86/parser/xf86Parser_priv.d", "D", 33, 0, 0, 0, 0, 0, 0, 0, 0, 0, 0, 6, 7, 46
"/home/roman/X11F/source/hw/xfree86/parser/xf86tokens.d", "D", 308, 0, 0, 0, 0, 0, 0, 0, 0, 0, 0, 79, 27, 414
"/home/roman/X11F/source/hw/xfree86/ramdac/xf86CursorPriv.d", "D", 39, 0, 0, 0, 0, 0, 0, 0, 0, 0, 0, 2, 10, 51
"/home/roman/X11F/source/hw/xfree86/ramdac/xf86CursorRD.d", "D", 336, 0, 0, 0, 0, 0, 0, 0, 0, 0, 0, 39, 110, 485
"/home/roman/X11F/source/hw/xfree86/ramdac/xf86HWCurs.d", "D", 441, 0, 0, 0, 0, 0, 0, 0, 0, 0, 0, 30, 103, 574
"/home/roman/X11F/source/hw/xfree86/sdksyms.sh", "Shell Script", 0, 0, 0, 0, 0, 0, 149, 0, 0, 0, 0, 186, 78, 413
"/home/roman/X11F/source/hw/xfree86/shadowfb/sfbmodule.d", "D", 20, 0, 0, 0, 0, 0, 0, 0, 0, 0, 0, 0, 4, 24
"/home/roman/X11F/source/hw/xfree86/shadowfb/shadowfb.d", "D", 102, 0, 0, 0, 0, 0, 0, 0, 0, 0, 0, 26, 38, 166
"/home/roman/X11F/source/hw/xfree86/utils/gtf/gtf.d", "D", 246, 0, 0, 0, 0, 0, 0, 0, 0, 0, 0, 315, 136, 697
"/home/roman/X11F/source/hw/xfree86/vgahw/vgaHW.d", "D", 1380, 0, 0, 0, 0, 0, 0, 0, 0, 0, 0, 227, 271, 1878
"/home/roman/X11F/source/hw/xfree86/vgahw/vgaHWmodule.d", "D", 20, 0, 0, 0, 0, 0, 0, 0, 0, 0, 0, 3, 4, 27
"/home/roman/X11F/source/hw/xfree86/xext/vidmode.d", "D", 1359, 0, 0, 0, 0, 0, 0, 0, 0, 0, 0, 60, 296, 1715
"/home/roman/X11F/source/hw/xfree86/xkb/xkbKillSrv.d", "D", 18, 0, 0, 0, 0, 0, 0, 0, 0, 0, 0, 29, 9, 56
"/home/roman/X11F/source/hw/xfree86/xkb/xkbPrivate.d", "D", 24, 0, 0, 0, 0, 0, 0, 0, 0, 0, 0, 1, 7, 32
"/home/roman/X11F/source/hw/xfree86/xkb/xkbVT.d", "D", 26, 0, 0, 0, 0, 0, 0, 0, 0, 0, 0, 29, 8, 63
"/home/roman/X11F/source/hw/xfree86/xorg-wrapper.d", "D", 219, 0, 0, 0, 0, 0, 0, 0, 0, 0, 0, 40, 37, 296
"/home/roman/X11F/source/hw/xfree86/xorgconf.cpp", "C++", 0, 424, 0, 0, 0, 0, 0, 0, 0, 0, 0, 0, 143, 567
"/home/roman/X11F/source/hw/xnest/Args.d", "D", 160, 0, 0, 0, 0, 0, 0, 0, 0, 0, 0, 18, 13, 191
"/home/roman/X11F/source/hw/xnest/Color.d", "D", 352, 0, 0, 0, 0, 0, 0, 0, 0, 0, 0, 25, 88, 465
"/home/roman/X11F/source/hw/xnest/Cursor.d", "D", 116, 0, 0, 0, 0, 0, 0, 0, 0, 0, 0, 16, 33, 165
"/home/roman/X11F/source/hw/xnest/Display.d", "D", 104, 0, 0, 0, 0, 0, 0, 0, 0, 0, 0, 19, 28, 151
"/home/roman/X11F/source/hw/xnest/Drawable.d", "D", 9, 0, 0, 0, 0, 0, 0, 0, 0, 0, 0, 14, 5, 28
"/home/roman/X11F/source/hw/xnest/Events.d", "D", 217, 0, 0, 0, 0, 0, 0, 0, 0, 0, 0, 18, 34, 269
"/home/roman/X11F/source/hw/xnest/Font.d", "D", 66, 0, 0, 0, 0, 0, 0, 0, 0, 0, 0, 20, 21, 107
"/home/roman/X11F/source/hw/xnest/GC.d", "D", 274, 0, 0, 0, 0, 0, 0, 0, 0, 0, 0, 22, 59, 355
"/home/roman/X11F/source/hw/xnest/GCOps.d", "D", 330, 0, 0, 0, 0, 0, 0, 0, 0, 0, 0, 39, 54, 423
"/home/roman/X11F/source/hw/xnest/Handlers.d", "D", 21, 0, 0, 0, 0, 0, 0, 0, 0, 0, 0, 15, 5, 41
"/home/roman/X11F/source/hw/xnest/Init.d", "D", 120, 0, 0, 0, 0, 0, 0, 0, 0, 0, 0, 22, 30, 172
"/home/roman/X11F/source/hw/xnest/Keyboard.d", "D", 242, 0, 0, 0, 0, 0, 0, 0, 0, 0, 0, 39, 50, 331
"/home/roman/X11F/source/hw/xnest/Pixmap.d", "D", 134, 0, 0, 0, 0, 0, 0, 0, 0, 0, 0, 20, 24, 178
"/home/roman/X11F/source/hw/xnest/Pointer.d", "D", 97, 0, 0, 0, 0, 0, 0, 0, 0, 0, 0, 15, 16, 128
"/home/roman/X11F/source/hw/xnest/Screen.d", "D", 402, 0, 0, 0, 0, 0, 0, 0, 0, 0, 0, 40, 91, 533
"/home/roman/X11F/source/hw/xnest/Window.d", "D", 382, 0, 0, 0, 0, 0, 0, 0, 0, 0, 0, 19, 92, 493
"/home/roman/X11F/source/hw/xnest/XNCursor.d", "D", 29, 0, 0, 0, 0, 0, 0, 0, 0, 0, 0, 17, 13, 59
"/home/roman/X11F/source/hw/xnest/XNFont.d", "D", 9, 0, 0, 0, 0, 0, 0, 0, 0, 0, 0, 15, 8, 32
"/home/roman/X11F/source/hw/xnest/XNGC.d", "D", 22, 0, 0, 0, 0, 0, 0, 0, 0, 0, 0, 15, 11, 48
"/home/roman/X11F/source/hw/xnest/XNPixmap.d", "D", 16, 0, 0, 0, 0, 0, 0, 0, 0, 0, 0, 15, 11, 42
"/home/roman/X11F/source/hw/xnest/XNWindow.d", "D", 47, 0, 0, 0, 0, 0, 0, 0, 0, 0, 0, 16, 15, 78
"/home/roman/X11F/source/hw/xnest/icon.c", "C", 0, 0, 14, 0, 0, 0, 0, 0, 0, 0, 0, 0, 1, 15
"/home/roman/X11F/source/hw/xnest/screensaver.c", "C", 0, 0, 686, 0, 0, 0, 0, 0, 0, 0, 0, 0, 1, 687
"/home/roman/X11F/source/hw/xnest/xcb.d", "D", 450, 0, 0, 0, 0, 0, 0, 0, 0, 0, 0, 11, 92, 553
"/home/roman/X11F/source/hw/xnest/xkb.d", "D", 65, 0, 0, 0, 0, 0, 0, 0, 0, 0, 0, 2, 13, 80
"/home/roman/X11F/source/hw/xnest/xnest-xcb.d", "D", 49, 0, 0, 0, 0, 0, 0, 0, 0, 0, 0, 8, 23, 80
"/home/roman/X11F/source/hw/xnest/xnest-xkb.d", "D", 7, 0, 0, 0, 0, 0, 0, 0, 0, 0, 0, 5, 5, 17
"/home/roman/X11F/source/hw/xquartz/GL/capabilities.c", "C", 0, 0, 378, 0, 0, 0, 0, 0, 0, 0, 0, 78, 114, 570
"/home/roman/X11F/source/hw/xquartz/GL/capabilities.h", "C++", 0, 39, 0, 0, 0, 0, 0, 0, 0, 0, 0, 21, 9, 69
"/home/roman/X11F/source/hw/xquartz/GL/glcontextmodes.c", "C", 0, 0, 363, 0, 0, 0, 0, 0, 0, 0, 0, 126, 85, 574
"/home/roman/X11F/source/hw/xquartz/GL/glcontextmodes.h", "C++", 0, 26, 0, 0, 0, 0, 0, 0, 0, 0, 0, 27, 6, 59
"/home/roman/X11F/source/hw/xquartz/GL/indirect.c", "C", 0, 0, 425, 0, 0, 0, 0, 0, 0, 0, 0, 72, 131, 628
"/home/roman/X11F/source/hw/xquartz/GL/visualConfigs.c", "C", 0, 0, 154, 0, 0, 0, 0, 0, 0, 0, 0, 85, 40, 279
"/home/roman/X11F/source/hw/xquartz/GL/visualConfigs.h", "C++", 0, 5, 0, 0, 0, 0, 0, 0, 0, 0, 0, 21, 4, 30
"/home/roman/X11F/source/hw/xquartz/NSUserDefaults+XQuartzDefaults.h", "C++", 0, 39, 0, 0, 0, 0, 0, 0, 0, 0, 0, 7, 9, 55
"/home/roman/X11F/source/hw/xquartz/NSUserDefaults+XQuartzDefaults.m", "Objective-C", 0, 0, 0, 0, 0, 0, 0, 0, 0, 115, 0, 10, 24, 149
"/home/roman/X11F/source/hw/xquartz/X11Application.h", "C++", 0, 32, 0, 0, 0, 0, 0, 0, 0, 0, 0, 29, 15, 76
"/home/roman/X11F/source/hw/xquartz/X11Application.m", "Objective-C", 0, 0, 0, 0, 0, 0, 0, 0, 0, 972, 0, 158, 233, 1363
"/home/roman/X11F/source/hw/xquartz/X11Controller.h", "C++", 0, 74, 0, 0, 0, 0, 0, 0, 0, 0, 0, 29, 17, 120
"/home/roman/X11F/source/hw/xquartz/X11Controller.m", "Objective-C", 0, 0, 0, 0, 0, 0, 0, 0, 0, 677, 0, 54, 193, 924
"/home/roman/X11F/source/hw/xquartz/applewm.c", "C", 0, 0, 509, 0, 0, 0, 0, 0, 0, 0, 0, 60, 130, 699
"/home/roman/X11F/source/hw/xquartz/applewmExt.h", "C++", 0, 43, 0, 0, 0, 0, 0, 0, 0, 0, 0, 33, 11, 87
"/home/roman/X11F/source/hw/xquartz/bundle/Info.plist.cpp", "C++", 0, 74, 0, 0, 0, 0, 0, 0, 0, 0, 0, 0, 3, 77
"/home/roman/X11F/source/hw/xquartz/bundle/X11.sh", "Shell Script", 0, 0, 0, 0, 0, 0, 11, 0, 0, 0, 0, 1, 4, 16
"/home/roman/X11F/source/hw/xquartz/bundle/chown-bundle.sh", "Shell Script", 0, 0, 0, 0, 0, 0, 4, 0, 0, 0, 0, 1, 3, 8
"/home/roman/X11F/source/hw/xquartz/bundle/mk_bundke.sh", "Shell Script", 0, 0, 0, 0, 0, 0, 21, 0, 0, 0, 0, 3, 8, 32
"/home/roman/X11F/source/hw/xquartz/darwin.c", "C", 0, 0, 521, 0, 0, 0, 0, 0, 0, 0, 0, 195, 119, 835
"/home/roman/X11F/source/hw/xquartz/darwin.h", "C++", 0, 54, 0, 0, 0, 0, 0, 0, 0, 0, 0, 33, 14, 101
"/home/roman/X11F/source/hw/xquartz/darwinEvents.c", "C", 0, 0, 467, 0, 0, 0, 0, 0, 0, 0, 0, 85, 94, 646
"/home/roman/X11F/source/hw/xquartz/darwinEvents.h", "C++", 0, 48, 0, 0, 0, 0, 0, 0, 0, 0, 0, 42, 10, 100
"/home/roman/X11F/source/hw/xquartz/darwinXinput.c", "C", 0, 0, 46, 0, 0, 0, 0, 0, 0, 0, 0, 103, 14, 163
"/home/roman/X11F/source/hw/xquartz/darwinfb.h", "C++", 0, 26, 0, 0, 0, 0, 0, 0, 0, 0, 0, 26, 6, 58
"/home/roman/X11F/source/hw/xquartz/keysym2ucs.c", "C", 0, 0, 844, 0, 0, 0, 0, 0, 0, 0, 0, 47, 21, 912
"/home/roman/X11F/source/hw/xquartz/keysym2ucs.h", "C++", 0, 8, 0, 0, 0, 0, 0, 0, 0, 0, 0, 28, 5, 41
"/home/roman/X11F/source/hw/xquartz/mach-startup/bundle-main.c", "C", 0, 0, 568, 0, 0, 0, 0, 0, 0, 0, 0, 85, 149, 802
"/home/roman/X11F/source/hw/xquartz/mach-startup/bundle_trampoline.c", "C", 0, 0, 35, 0, 0, 0, 0, 0, 0, 0, 0, 41, 12, 88
"/home/roman/X11F/source/hw/xquartz/mach-startup/launchd_fd.c", "C", 0, 0, 68, 0, 0, 0, 0, 0, 0, 0, 0, 29, 14, 111
"/home/roman/X11F/source/hw/xquartz/mach-startup/launchd_fd.h", "C++", 0, 6, 0, 0, 0, 0, 0, 0, 0, 0, 0, 27, 5, 38
"/home/roman/X11F/source/hw/xquartz/mach-startup/mach_startup_types.h", "C++", 0, 6, 0, 0, 0, 0, 0, 0, 0, 0, 0, 0, 4, 10
"/home/roman/X11F/source/hw/xquartz/mach-startup/stub.c", "C", 0, 0, 239, 0, 0, 0, 0, 0, 0, 0, 0, 42, 58, 339
"/home/roman/X11F/source/hw/xquartz/pbproxy/app-main.m", "Objective-C", 0, 0, 0, 0, 0, 0, 0, 0, 0, 44, 0, 31, 12, 87
"/home/roman/X11F/source/hw/xquartz/pbproxy/main.m", "Objective-C", 0, 0, 0, 0, 0, 0, 0, 0, 0, 78, 0, 36, 27, 141
"/home/roman/X11F/source/hw/xquartz/pbproxy/pbproxy.h", "C++", 0, 47, 0, 0, 0, 0, 0, 0, 0, 0, 0, 40, 14, 101
"/home/roman/X11F/source/hw/xquartz/pbproxy/trick_autotools.c", "C", 0, 0, 5, 0, 0, 0, 0, 0, 0, 0, 0, 0, 1, 6
"/home/roman/X11F/source/hw/xquartz/pbproxy/x-input.m", "Objective-C", 0, 0, 0, 0, 0, 0, 0, 0, 0, 119, 0, 31, 31, 181
"/home/roman/X11F/source/hw/xquartz/pbproxy/x-selection.h", "C++", 0, 52, 0, 0, 0, 0, 0, 0, 0, 0, 0, 41, 19, 112
"/home/roman/X11F/source/hw/xquartz/pbproxy/x-selection.m", "Objective-C", 0, 0, 0, 0, 0, 0, 0, 0, 0, 1012, 0, 217, 282, 1511
"/home/roman/X11F/source/hw/xquartz/quartz.c", "C", 0, 0, 324, 0, 0, 0, 0, 0, 0, 0, 0, 125, 89, 538
"/home/roman/X11F/source/hw/xquartz/quartz.h", "C++", 0, 91, 0, 0, 0, 0, 0, 0, 0, 0, 0, 58, 26, 175
"/home/roman/X11F/source/hw/xquartz/quartzKeyboard.c", "C", 0, 0, 609, 0, 0, 0, 0, 0, 0, 0, 0, 137, 137, 883
"/home/roman/X11F/source/hw/xquartz/quartzKeyboard.h", "C++", 0, 27, 0, 0, 0, 0, 0, 0, 0, 0, 0, 31, 8, 66
"/home/roman/X11F/source/hw/xquartz/quartzRandR.c", "C", 0, 0, 383, 0, 0, 0, 0, 0, 0, 0, 0, 52, 83, 518
"/home/roman/X11F/source/hw/xquartz/quartzRandR.h", "C++", 0, 30, 0, 0, 0, 0, 0, 0, 0, 0, 0, 45, 11, 86
"/home/roman/X11F/source/hw/xquartz/quartzStartup.c", "C", 0, 0, 80, 0, 0, 0, 0, 0, 0, 0, 0, 35, 21, 136
"/home/roman/X11F/source/hw/xquartz/sanitizedCarbon.h", "C++", 0, 19, 0, 0, 0, 0, 0, 0, 0, 0, 0, 8, 6, 33
"/home/roman/X11F/source/hw/xquartz/sanitizedCocoa.h", "C++", 0, 46, 0, 0, 0, 0, 0, 0, 0, 0, 0, 8, 11, 65
"/home/roman/X11F/source/hw/xquartz/xpr/appledri.c", "C", 0, 0, 297, 0, 0, 0, 0, 0, 0, 0, 0, 39, 82, 418
"/home/roman/X11F/source/hw/xquartz/xpr/appledri.h", "C++", 0, 19, 0, 0, 0, 0, 0, 0, 0, 0, 0, 41, 10, 70
"/home/roman/X11F/source/hw/xquartz/xpr/appledristr.h", "C++", 0, 184, 0, 0, 0, 0, 0, 0, 0, 0, 0, 36, 31, 251
"/home/roman/X11F/source/hw/xquartz/xpr/dri.c", "C", 0, 0, 536, 0, 0, 0, 0, 0, 0, 0, 0, 115, 166, 817
"/home/roman/X11F/source/hw/xquartz/xpr/driWrap.c", "C", 0, 0, 378, 0, 0, 0, 0, 0, 0, 0, 0, 29, 160, 567
"/home/roman/X11F/source/hw/xquartz/xpr/driWrap.h", "C++", 0, 6, 0, 0, 0, 0, 0, 0, 0, 0, 0, 28, 5, 39
"/home/roman/X11F/source/hw/xquartz/xpr/dristruct.h", "C++", 0, 41, 0, 0, 0, 0, 0, 0, 0, 0, 0, 32, 12, 85
"/home/roman/X11F/source/hw/xquartz/xpr/x-hash.c", "C", 0, 0, 225, 0, 0, 0, 0, 0, 0, 0, 0, 31, 64, 320
"/home/roman/X11F/source/hw/xquartz/xpr/x-hash.h", "C++", 0, 40, 0, 0, 0, 0, 0, 0, 0, 0, 0, 35, 16, 91
"/home/roman/X11F/source/hw/xquartz/xpr/x-hook.c", "C", 0, 0, 50, 0, 0, 0, 0, 0, 0, 0, 0, 29, 17, 96
"/home/roman/X11F/source/hw/xquartz/xpr/x-hook.h", "C++", 0, 11, 0, 0, 0, 0, 0, 0, 0, 0, 0, 29, 6, 46
"/home/roman/X11F/source/hw/xquartz/xpr/x-list.c", "C", 0, 0, 203, 0, 0, 0, 0, 0, 0, 0, 0, 34, 76, 313
"/home/roman/X11F/source/hw/xquartz/xpr/x-list.h", "C++", 0, 36, 0, 0, 0, 0, 0, 0, 0, 0, 0, 30, 13, 79
"/home/roman/X11F/source/hw/xquartz/xpr/xpr.h", "C++", 0, 36, 0, 0, 0, 0, 0, 0, 0, 0, 0, 33, 12, 81
"/home/roman/X11F/source/hw/xquartz/xpr/xprAppleWM.c", "C", 0, 0, 97, 0, 0, 0, 0, 0, 0, 0, 0, 30, 27, 154
"/home/roman/X11F/source/hw/xquartz/xpr/xprCursor.c", "C", 0, 0, 247, 0, 0, 0, 0, 0, 0, 0, 0, 102, 60, 409
"/home/roman/X11F/source/hw/xquartz/xpr/xprEvent.c", "C", 0, 0, 45, 0, 0, 0, 0, 0, 0, 0, 0, 27, 14, 86
"/home/roman/X11F/source/hw/xquartz/xpr/xprEvent.h", "C++", 0, 5, 0, 0, 0, 0, 0, 0, 0, 0, 0, 27, 5, 37
"/home/roman/X11F/source/hw/xquartz/xpr/xprFrame.c", "C", 0, 0, 404, 0, 0, 0, 0, 0, 0, 0, 0, 104, 87, 595
"/home/roman/X11F/source/hw/xquartz/xpr/xprScreen.c", "C", 0, 0, 337, 0, 0, 0, 0, 0, 0, 0, 0, 98, 79, 514
"/home/roman/X11F/source/hw/xquartz/xpr/xpr_dri.h", "C++", 0, 64, 0, 0, 0, 0, 0, 0, 0, 0, 0, 38, 27, 129
"/home/roman/X11F/source/hw/xwin/InitInput.c", "C", 0, 0, 66, 0, 0, 0, 0, 0, 0, 0, 0, 50, 23, 139
"/home/roman/X11F/source/hw/xwin/InitOutput.c", "C", 0, 0, 684, 0, 0, 0, 0, 0, 0, 0, 0, 145, 167, 996
"/home/roman/X11F/source/hw/xwin/ddraw.h", "C++", 0, 2010, 0, 0, 0, 0, 0, 0, 0, 0, 0, 201, 110, 2321
"/home/roman/X11F/source/hw/xwin/dri/windowsdri.c", "C", 0, 0, 132, 0, 0, 0, 0, 0, 0, 0, 0, 23, 38, 193
"/home/roman/X11F/source/hw/xwin/dri/windowsdri.h", "C++", 0, 4, 0, 0, 0, 0, 0, 0, 0, 0, 0, 22, 4, 30
"/home/roman/X11F/source/hw/xwin/glx/dri_helpers.c", "C", 0, 0, 72, 0, 0, 0, 0, 0, 0, 0, 0, 31, 15, 118
"/home/roman/X11F/source/hw/xwin/glx/dri_helpers.h", "C++", 0, 10, 0, 0, 0, 0, 0, 0, 0, 0, 0, 22, 7, 39
"/home/roman/X11F/source/hw/xwin/glx/gen_gl_wrappers.py", "Python", 0, 0, 0, 0, 0, 0, 0, 373, 0, 0, 0, 39, 60, 472
"/home/roman/X11F/source/hw/xwin/glx/glshim.c", "C", 0, 0, 57, 0, 0, 0, 0, 0, 0, 0, 0, 46, 22, 125
"/home/roman/X11F/source/hw/xwin/glx/glthunk.c", "C", 0, 0, 38, 0, 0, 0, 0, 0, 0, 0, 0, 35, 13, 86
"/home/roman/X11F/source/hw/xwin/glx/glwindows.h", "C++", 0, 24, 0, 0, 0, 0, 0, 0, 0, 0, 0, 29, 8, 61
"/home/roman/X11F/source/hw/xwin/glx/indirect.c", "C", 0, 0, 1699, 0, 0, 0, 0, 0, 0, 0, 0, 318, 384, 2401
"/home/roman/X11F/source/hw/xwin/glx/indirect.h", "C++", 0, 43, 0, 0, 0, 0, 0, 0, 0, 0, 0, 33, 16, 92
"/home/roman/X11F/source/hw/xwin/glx/wgl_ext_api.c", "C", 0, 0, 22, 0, 0, 0, 0, 0, 0, 0, 0, 39, 9, 70
"/home/roman/X11F/source/hw/xwin/glx/wgl_ext_api.h", "C++", 0, 36, 0, 0, 0, 0, 0, 0, 0, 0, 0, 31, 17, 84
"/home/roman/X11F/source/hw/xwin/glx/winpriv.c", "C", 0, 0, 65, 0, 0, 0, 0, 0, 0, 0, 0, 14, 21, 100
"/home/roman/X11F/source/hw/xwin/glx/winpriv.h", "C++", 0, 8, 0, 0, 0, 0, 0, 0, 0, 0, 0, 5, 5, 18
"/home/roman/X11F/source/hw/xwin/os-compat.h", "C++", 0, 23, 0, 0, 0, 0, 0, 0, 0, 0, 0, 1, 4, 28
"/home/roman/X11F/source/hw/xwin/propertystore.h", "C++", 0, 44, 0, 0, 0, 0, 0, 0, 0, 0, 0, 24, 16, 84
"/home/roman/X11F/source/hw/xwin/win.h", "C++", 0, 544, 0, 0, 0, 0, 0, 0, 0, 0, 0, 220, 244, 1008
"/home/roman/X11F/source/hw/xwin/winSetAppUserModelID.c", "C", 0, 0, 66, 0, 0, 0, 0, 0, 0, 0, 0, 29, 13, 108
"/home/roman/X11F/source/hw/xwin/winallpriv.c", "C", 0, 0, 70, 0, 0, 0, 0, 0, 0, 0, 0, 67, 25, 162
"/home/roman/X11F/source/hw/xwin/winauth.c", "C", 0, 0, 60, 0, 0, 0, 0, 0, 0, 0, 0, 43, 18, 121
"/home/roman/X11F/source/hw/xwin/winauth.h", "C++", 0, 7, 0, 0, 0, 0, 0, 0, 0, 0, 0, 20, 5, 32
"/home/roman/X11F/source/hw/xwin/winblock.c", "C", 0, 0, 39, 0, 0, 0, 0, 0, 0, 0, 0, 44, 11, 94
"/home/roman/X11F/source/hw/xwin/winclipboard/debug.c", "C", 0, 0, 18, 0, 0, 0, 0, 0, 0, 0, 0, 24, 5, 47
"/home/roman/X11F/source/hw/xwin/winclipboard/internal.h", "C++", 0, 51, 0, 0, 0, 0, 0, 0, 0, 0, 0, 45, 24, 120
"/home/roman/X11F/source/hw/xwin/winclipboard/textconv.c", "C", 0, 0, 62, 0, 0, 0, 0, 0, 0, 0, 0, 55, 23, 140
"/home/roman/X11F/source/hw/xwin/winclipboard/thread.c", "C", 0, 0, 270, 0, 0, 0, 0, 0, 0, 0, 0, 87, 63, 420
"/home/roman/X11F/source/hw/xwin/winclipboard/winclipboard.h", "C++", 0, 9, 0, 0, 0, 0, 0, 0, 0, 0, 0, 25, 8, 42
"/home/roman/X11F/source/hw/xwin/winclipboard/wndproc.c", "C", 0, 0, 261, 0, 0, 0, 0, 0, 0, 0, 0, 119, 81, 461
"/home/roman/X11F/source/hw/xwin/winclipboard/xevents.c", "C", 0, 0, 545, 0, 0, 0, 0, 0, 0, 0, 0, 160, 123, 828
"/home/roman/X11F/source/hw/xwin/winclipboard/xwinclip.c", "C", 0, 0, 31, 0, 0, 0, 0, 0, 0, 0, 0, 41, 11, 83
"/home/roman/X11F/source/hw/xwin/winclipboardinit.c", "C", 0, 0, 58, 0, 0, 0, 0, 0, 0, 0, 0, 57, 27, 142
"/home/roman/X11F/source/hw/xwin/winclipboardwrappers.c", "C", 0, 0, 43, 0, 0, 0, 0, 0, 0, 0, 0, 75, 19, 137
"/home/roman/X11F/source/hw/xwin/wincmap.c", "C", 0, 0, 369, 0, 0, 0, 0, 0, 0, 0, 0, 134, 100, 603
"/home/roman/X11F/source/hw/xwin/winconfig.c", "C", 0, 0, 266, 0, 0, 0, 0, 0, 0, 0, 0, 50, 54, 370
"/home/roman/X11F/source/hw/xwin/winconfig.h", "C++", 0, 173, 0, 0, 0, 0, 0, 0, 0, 0, 0, 43, 31, 247
"/home/roman/X11F/source/hw/xwin/wincreatewnd.c", "C", 0, 0, 378, 0, 0, 0, 0, 0, 0, 0, 0, 129, 82, 589
"/home/roman/X11F/source/hw/xwin/wincursor.c", "C", 0, 0, 416, 0, 0, 0, 0, 0, 0, 0, 0, 111, 85, 612
"/home/roman/X11F/source/hw/xwin/windialogs.c", "C", 0, 0, 372, 0, 0, 0, 0, 0, 0, 0, 0, 137, 122, 631
"/home/roman/X11F/source/hw/xwin/windisplay.c", "C", 0, 0, 24, 0, 0, 0, 0, 0, 0, 0, 0, 31, 7, 62
"/home/roman/X11F/source/hw/xwin/windisplay.h", "C++", 0, 5, 0, 0, 0, 0, 0, 0, 0, 0, 0, 26, 4, 35
"/home/roman/X11F/source/hw/xwin/winengine.c", "C", 0, 0, 143, 0, 0, 0, 0, 0, 0, 0, 0, 82, 37, 262
"/home/roman/X11F/source/hw/xwin/winerror.c", "C", 0, 0, 70, 0, 0, 0, 0, 0, 0, 0, 0, 46, 19, 135
"/home/roman/X11F/source/hw/xwin/winglobals.c", "C", 0, 0, 50, 0, 0, 0, 0, 0, 0, 0, 0, 44, 12, 106
"/home/roman/X11F/source/hw/xwin/winglobals.h", "C++", 0, 36, 0, 0, 0, 0, 0, 0, 0, 0, 0, 32, 16, 84
"/home/roman/X11F/source/hw/xwin/winkeybd.c", "C", 0, 0, 297, 0, 0, 0, 0, 0, 0, 0, 0, 167, 85, 549
"/home/roman/X11F/source/hw/xwin/winkeybd.h", "C++", 0, 265, 0, 0, 0, 0, 0, 0, 0, 0, 0, 38, 6, 309
"/home/roman/X11F/source/hw/xwin/winkeyhook.c", "C", 0, 0, 74, 0, 0, 0, 0, 0, 0, 0, 0, 54, 24, 152
"/home/roman/X11F/source/hw/xwin/winkeynames.h", "C++", 0, 145, 0, 0, 0, 0, 0, 0, 0, 0, 0, 49, 13, 207
"/home/roman/X11F/source/hw/xwin/winlayouts.h", "C++", 0, 64, 0, 0, 0, 0, 0, 0, 0, 0, 0, 35, 7, 106
"/home/roman/X11F/source/hw/xwin/winmessages.h", "C++", 0, 1030, 0, 0, 0, 0, 0, 0, 0, 0, 0, 0, 2, 1032
"/home/roman/X11F/source/hw/xwin/winmisc.c", "C", 0, 0, 31, 0, 0, 0, 0, 0, 0, 0, 0, 37, 11, 79
"/home/roman/X11F/source/hw/xwin/winmonitors.c", "C", 0, 0, 30, 0, 0, 0, 0, 0, 0, 0, 0, 34, 9, 73
"/home/roman/X11F/source/hw/xwin/winmonitors.h", "C++", 0, 16, 0, 0, 0, 0, 0, 0, 0, 0, 0, 29, 6, 51
"/home/roman/X11F/source/hw/xwin/winmouse.c", "C", 0, 0, 168, 0, 0, 0, 0, 0, 0, 0, 0, 129, 52, 349
"/home/roman/X11F/source/hw/xwin/winms.h", "C++", 0, 17, 0, 0, 0, 0, 0, 0, 0, 0, 0, 29, 5, 51
"/home/roman/X11F/source/hw/xwin/winmsg.c", "C", 0, 0, 88, 0, 0, 0, 0, 0, 0, 0, 0, 29, 14, 131
"/home/roman/X11F/source/hw/xwin/winmsg.h", "C++", 0, 19, 0, 0, 0, 0, 0, 0, 0, 0, 0, 32, 7, 58
"/home/roman/X11F/source/hw/xwin/winmsgwindow.c", "C", 0, 0, 100, 0, 0, 0, 0, 0, 0, 0, 0, 53, 28, 181
"/home/roman/X11F/source/hw/xwin/winmultiwindowclass.c", "C", 0, 0, 161, 0, 0, 0, 0, 0, 0, 0, 0, 40, 53, 254
"/home/roman/X11F/source/hw/xwin/winmultiwindowclass.h", "C++", 0, 60, 0, 0, 0, 0, 0, 0, 0, 0, 0, 59, 20, 139
"/home/roman/X11F/source/hw/xwin/winmultiwindowicons.c", "C", 0, 0, 492, 0, 0, 0, 0, 0, 0, 0, 0, 78, 98, 668
"/home/roman/X11F/source/hw/xwin/winmultiwindowicons.h", "C++", 0, 12, 0, 0, 0, 0, 0, 0, 0, 0, 0, 25, 8, 45
"/home/roman/X11F/source/hw/xwin/winmultiwindowshape.c", "C", 0, 0, 101, 0, 0, 0, 0, 0, 0, 0, 0, 59, 34, 194
"/home/roman/X11F/source/hw/xwin/winmultiwindowwindow.c", "C", 0, 0, 668, 0, 0, 0, 0, 0, 0, 0, 0, 241, 190, 1099
"/home/roman/X11F/source/hw/xwin/winmultiwindowwm.c", "C", 0, 0, 1345, 0, 0, 0, 0, 0, 0, 0, 0, 336, 332, 2013
"/home/roman/X11F/source/hw/xwin/winmultiwindowwndproc.c", "C", 0, 0, 799, 0, 0, 0, 0, 0, 0, 0, 0, 261, 185, 1245
"/home/roman/X11F/source/hw/xwin/winos.c", "C", 0, 0, 30, 0, 0, 0, 0, 0, 0, 0, 0, 32, 9, 71
"/home/roman/X11F/source/hw/xwin/winprefs.c", "C", 0, 0, 525, 0, 0, 0, 0, 0, 0, 0, 0, 150, 124, 799
"/home/roman/X11F/source/hw/xwin/winprefs.h", "C++", 0, 94, 0, 0, 0, 0, 0, 0, 0, 0, 0, 51, 37, 182
"/home/roman/X11F/source/hw/xwin/winprocarg.c", "C", 0, 0, 659, 0, 0, 0, 0, 0, 0, 0, 0, 300, 175, 1134
"/home/roman/X11F/source/hw/xwin/winrandr.c", "C", 0, 0, 162, 0, 0, 0, 0, 0, 0, 0, 0, 86, 57, 305
"/home/roman/X11F/source/hw/xwin/winresource.h", "C++", 0, 13, 0, 0, 0, 0, 0, 0, 0, 0, 0, 32, 6, 51
"/home/roman/X11F/source/hw/xwin/winscrinit.c", "C", 0, 0, 284, 0, 0, 0, 0, 0, 0, 0, 0, 125, 73, 482
"/home/roman/X11F/source/hw/xwin/winshadddnl.c", "C", 0, 0, 781, 0, 0, 0, 0, 0, 0, 0, 0, 237, 189, 1207
"/home/roman/X11F/source/hw/xwin/winshadgdi.c", "C", 0, 0, 793, 0, 0, 0, 0, 0, 0, 0, 0, 262, 220, 1275
"/home/roman/X11F/source/hw/xwin/wintaskbar.c", "C", 0, 0, 44, 0, 0, 0, 0, 0, 0, 0, 0, 35, 11, 90
"/home/roman/X11F/source/hw/xwin/wintrayicon.c", "C", 0, 0, 103, 0, 0, 0, 0, 0, 0, 0, 0, 67, 33, 203
"/home/roman/X11F/source/hw/xwin/winvalargs.c", "C", 0, 0, 91, 0, 0, 0, 0, 0, 0, 0, 0, 57, 22, 170
"/home/roman/X11F/source/hw/xwin/winwakeup.c", "C", 0, 0, 15, 0, 0, 0, 0, 0, 0, 0, 0, 34, 4, 53
"/home/roman/X11F/source/hw/xwin/winwindow.c", "C", 0, 0, 197, 0, 0, 0, 0, 0, 0, 0, 0, 64, 80, 341
"/home/roman/X11F/source/hw/xwin/winwindow.h", "C++", 0, 91, 0, 0, 0, 0, 0, 0, 0, 0, 0, 46, 23, 160
"/home/roman/X11F/source/hw/xwin/winwndproc.c", "C", 0, 0, 683, 0, 0, 0, 0, 0, 0, 0, 0, 315, 184, 1182
"/home/roman/X11F/source/include/Xprintf.d", "D", 19, 0, 0, 0, 0, 0, 0, 0, 0, 0, 0, 36, 8, 63
"/home/roman/X11F/source/include/callback.d", "D", 15, 0, 0, 0, 0, 0, 0, 0, 0, 0, 0, 54, 10, 79
"/home/roman/X11F/source/include/client.d", "D", 5, 0, 0, 0, 0, 0, 0, 0, 0, 0, 0, 24, 5, 34
"/home/roman/X11F/source/include/colormap.d", "D", 10, 0, 0, 0, 0, 0, 0, 0, 0, 0, 0, 46, 6, 62
"/home/roman/X11F/source/include/colormapst.d", "D", 9, 0, 0, 0, 0, 0, 0, 0, 0, 0, 0, 49, 5, 63
"/home/roman/X11F/source/include/compiler.d", "D", 160, 0, 0, 0, 0, 0, 0, 0, 0, 0, 0, 0, 31, 191
"/home/roman/X11F/source/include/compositeext.d", "D", 8, 0, 0, 0, 0, 0, 0, 0, 0, 0, 0, 23, 6, 37
"/home/roman/X11F/source/include/cursor.d", "D", 14, 0, 0, 0, 0, 0, 0, 0, 0, 0, 0, 51, 8, 73
"/home/roman/X11F/source/include/cursorstr.d", "D", 32, 0, 0, 0, 0, 0, 0, 0, 0, 0, 0, 53, 8, 93
"/home/roman/X11F/source/include/damage.d", "D", 53, 0, 0, 0, 0, 0, 0, 0, 0, 0, 0, 47, 25, 125
"/home/roman/X11F/source/include/damagestr.d", "D", 60, 0, 0, 0, 0, 0, 0, 0, 0, 0, 0, 28, 21, 109
"/home/roman/X11F/source/include/dgaproc.d", "D", 47, 0, 0, 0, 0, 0, 0, 0, 0, 0, 0, 2, 10, 59
"/home/roman/X11F/source/include/displaymode.d", "D", 126, 0, 0, 0, 0, 0, 0, 0, 0, 0, 0, 5, 11, 142
"/home/roman/X11F/source/include/dix.d", "D", 86, 0, 0, 0, 0, 0, 0, 0, 0, 0, 0, 80, 47, 213
"/home/roman/X11F/source/include/dixaccess.d", "D", 33, 0, 0, 0, 0, 0, 0, 0, 0, 0, 0, 18, 5, 56
"/home/roman/X11F/source/include/dixfont.d", "D", 25, 0, 0, 0, 0, 0, 0, 0, 0, 0, 0, 25, 17, 67
"/home/roman/X11F/source/include/dixfontstr.d", "D", 42, 0, 0, 0, 0, 0, 0, 0, 0, 0, 0, 32, 15, 89
"/home/roman/X11F/source/include/dixstruct.d", "D", 81, 0, 0, 0, 0, 0, 0, 0, 0, 0, 0, 30, 23, 134
"/home/roman/X11F/source/include/dri.d", "D", 138, 0, 0, 0, 0, 0, 0, 0, 0, 0, 0, 64, 81, 283
"/home/roman/X11F/source/include/dri2.d", "D", 87, 0, 0, 0, 0, 0, 0, 0, 0, 0, 0, 156, 46, 289
"/home/roman/X11F/source/include/dri3.d", "D", 44, 0, 0, 0, 0, 0, 0, 0, 0, 0, 0, 26, 24, 94
"/home/roman/X11F/source/include/dristruct.d", "D", 84, 0, 0, 0, 0, 0, 0, 0, 0, 0, 0, 32, 12, 128
"/home/roman/X11F/source/include/edid.d", "D", 164, 0, 0, 0, 0, 0, 0, 0, 0, 0, 0, 37, 24, 225
"/home/roman/X11F/source/include/events.d", "D", 17, 0, 0, 0, 0, 0, 0, 0, 0, 0, 0, 23, 6, 46
"/home/roman/X11F/source/include/eventstr.d", "D", 283, 0, 0, 0, 0, 0, 0, 0, 0, 0, 0, 76, 23, 382
"/home/roman/X11F/source/include/exa.d", "D", 109, 0, 0, 0, 0, 0, 0, 0, 0, 0, 0, 599, 74, 782
"/home/roman/X11F/source/include/exevents.d", "D", 23, 0, 0, 0, 0, 0, 0, 0, 0, 0, 0, 45, 19, 87
"/home/roman/X11F/source/include/extension.d", "D", 17, 0, 0, 0, 0, 0, 0, 0, 0, 0, 0, 73, 14, 104
"/home/roman/X11F/source/include/extinit.d", "D", 11, 0, 0, 0, 0, 0, 0, 0, 0, 0, 0, 50, 9, 70
"/home/roman/X11F/source/include/extnsionst.d", "D", 30, 0, 0, 0, 0, 0, 0, 0, 0, 0, 0, 51, 11, 92
"/home/roman/X11F/source/include/fb.d", "D", 357, 0, 0, 0, 0, 0, 0, 0, 0, 0, 0, 118, 169, 644
"/home/roman/X11F/source/include/fbdevhw.d", "D", 39, 0, 0, 0, 0, 0, 0, 0, 0, 0, 0, 0, 14, 53
"/home/roman/X11F/source/include/fboverlay.d", "D", 32, 0, 0, 0, 0, 0, 0, 0, 0, 0, 0, 24, 12, 68
"/home/roman/X11F/source/include/fbpict.d", "D", 7, 0, 0, 0, 0, 0, 0, 0, 0, 0, 0, 25, 7, 39
"/home/roman/X11F/source/include/fbrop.d", "D", 65, 0, 0, 0, 0, 0, 0, 0, 0, 0, 0, 33, 35, 133
"/home/roman/X11F/source/include/fd_notify.d", "D", 7, 0, 0, 0, 0, 0, 0, 0, 0, 0, 0, 7, 3, 17
"/home/roman/X11F/source/include/fourcc.d", "D", 177, 0, 0, 0, 0, 0, 0, 0, 0, 0, 0, 32, 13, 222
"/home/roman/X11F/source/include/gc.d", "D", 32, 0, 0, 0, 0, 0, 0, 0, 0, 0, 0, 50, 15, 97
"/home/roman/X11F/source/include/gcstruct.d", "D", 84, 0, 0, 0, 0, 0, 0, 0, 0, 0, 0, 64, 37, 185
"/home/roman/X11F/source/include/glamor.d", "D", 86, 0, 0, 0, 0, 0, 0, 0, 0, 0, 0, 238, 48, 372
"/home/roman/X11F/source/include/globals.d", "D", 6, 0, 0, 0, 0, 0, 0, 0, 0, 0, 0, 4, 5, 15
"/home/roman/X11F/source/include/glx_extinit.d", "D", 14, 0, 0, 0, 0, 0, 0, 0, 0, 0, 0, 27, 14, 55
"/home/roman/X11F/source/include/glxvndabi.d", "D", 43, 0, 0, 0, 0, 0, 0, 0, 0, 0, 0, 239, 34, 316
"/home/roman/X11F/source/include/glyphstr.d", "D", 31, 0, 0, 0, 0, 0, 0, 0, 0, 0, 0, 26, 10, 67
"/home/roman/X11F/source/include/i2c_def.d", "D", 4, 0, 0, 0, 0, 0, 0, 0, 0, 0, 0, 0, 4, 8
"/home/roman/X11F/source/include/input.d", "D", 307, 0, 0, 0, 0, 0, 0, 0, 0, 0, 0, 63, 103, 473
"/home/roman/X11F/source/include/inputstr.d", "D", 435, 0, 0, 0, 0, 0, 0, 0, 0, 0, 0, 197, 74, 706
"/home/roman/X11F/source/include/list.d", "D", 157, 0, 0, 0, 0, 0, 0, 0, 0, 0, 0, 380, 41, 578
"/home/roman/X11F/source/include/mi.d", "D", 48, 0, 0, 0, 0, 0, 0, 0, 0, 0, 0, 62, 48, 158
"/home/roman/X11F/source/include/micmap.d", "D", 26, 0, 0, 0, 0, 0, 0, 0, 0, 0, 0, 4, 10, 40
"/home/roman/X11F/source/include/micoord.d", "D", 17, 0, 0, 0, 0, 0, 0, 0, 0, 0, 0, 27, 7, 51
"/home/roman/X11F/source/include/migc.d", "D", 11, 0, 0, 0, 0, 0, 0, 0, 0, 0, 0, 27, 11, 49
"/home/roman/X11F/source/include/miline.d", "D", 58, 0, 0, 0, 0, 0, 0, 0, 0, 0, 0, 58, 21, 137
"/home/roman/X11F/source/include/mioverlay.d", "D", 11, 0, 0, 0, 0, 0, 0, 0, 0, 0, 0, 3, 7, 21
"/home/roman/X11F/source/include/mipict.d", "D", 39, 0, 0, 0, 0, 0, 0, 0, 0, 0, 0, 24, 27, 90
"/home/roman/X11F/source/include/mipointer.d", "D", 28, 0, 0, 0, 0, 0, 0, 0, 0, 0, 0, 54, 13, 95
"/home/roman/X11F/source/include/mipointrst.d", "D", 14, 0, 0, 0, 0, 0, 0, 0, 0, 0, 0, 29, 5, 48
"/home/roman/X11F/source/include/misc.d", "D", 141, 0, 0, 0, 0, 0, 0, 0, 0, 0, 0, 118, 42, 301
"/home/roman/X11F/source/include/miscstruct.d", "D", 18, 0, 0, 0, 0, 0, 0, 0, 0, 0, 0, 45, 7, 70
"/home/roman/X11F/source/include/mistruct.d", "D", 13, 0, 0, 0, 0, 0, 0, 0, 0, 0, 0, 47, 6, 66
"/home/roman/X11F/source/include/misync.d", "D", 35, 0, 0, 0, 0, 0, 0, 0, 0, 0, 0, 23, 14, 72
"/home/roman/X11F/source/include/misyncfd.d", "D", 13, 0, 0, 0, 0, 0, 0, 0, 0, 0, 0, 24, 9, 46
"/home/roman/X11F/source/include/misyncshm.d", "D", 6, 0, 0, 0, 0, 0, 0, 0, 0, 0, 0, 23, 5, 34
"/home/roman/X11F/source/include/misyncstr.d", "D", 46, 0, 0, 0, 0, 0, 0, 0, 0, 0, 0, 25, 12, 83
"/home/roman/X11F/source/include/mizerarc.d", "D", 89, 0, 0, 0, 0, 0, 0, 0, 0, 0, 0, 29, 13, 131
"/home/roman/X11F/source/include/opaque.d", "D", 5, 0, 0, 0, 0, 0, 0, 0, 0, 0, 0, 29, 6, 40
"/home/roman/X11F/source/include/optionstr.d", "D", 11, 0, 0, 0, 0, 0, 0, 0, 0, 0, 0, 1, 4, 16
"/home/roman/X11F/source/include/os.d", "D", 136, 0, 0, 0, 0, 0, 0, 0, 0, 0, 0, 92, 61, 289
"/home/roman/X11F/source/include/picture.d", "D", 106, 0, 0, 0, 0, 0, 0, 0, 0, 0, 0, 82, 30, 218
"/home/roman/X11F/source/include/picturestr.d", "D", 255, 0, 0, 0, 0, 0, 0, 0, 0, 0, 0, 41, 115, 411
"/home/roman/X11F/source/include/pixmap.d", "D", 49, 0, 0, 0, 0, 0, 0, 0, 0, 0, 0, 52, 25, 126
"/home/roman/X11F/source/include/pixmapstr.d", "D", 56, 0, 0, 0, 0, 0, 0, 0, 0, 0, 0, 50, 13, 119
"/home/roman/X11F/source/include/present.d", "D", 48, 0, 0, 0, 0, 0, 0, 0, 0, 0, 0, 78, 25, 151
"/home/roman/X11F/source/include/privates.d", "D", 153, 0, 0, 0, 0, 0, 0, 0, 0, 0, 0, 151, 57, 361
"/home/roman/X11F/source/include/property.d", "D", 7, 0, 0, 0, 0, 0, 0, 0, 0, 0, 0, 46, 5, 58
"/home/roman/X11F/source/include/propertyst.d", "D", 15, 0, 0, 0, 0, 0, 0, 0, 0, 0, 0, 49, 5, 69
"/home/roman/X11F/source/include/protocol-versions.d", "D", 75, 0, 0, 0, 0, 0, 0, 0, 0, 0, 0, 55, 34, 164
"/home/roman/X11F/source/include/ptrveloc.d", "D", 45, 0, 0, 0, 0, 0, 0, 0, 0, 0, 0, 34, 11, 90
"/home/roman/X11F/source/include/randrstr.d", "D", 340, 0, 0, 0, 0, 0, 0, 0, 0, 0, 0, 273, 139, 752
"/home/roman/X11F/source/include/region.d", "D", 4, 0, 0, 0, 0, 0, 0, 0, 0, 0, 0, 46, 4, 54
"/home/roman/X11F/source/include/regionstr.d", "D", 192, 0, 0, 0, 0, 0, 0, 0, 0, 0, 0, 83, 55, 330
"/home/roman/X11F/source/include/resource.d", "D", 91, 0, 0, 0, 0, 0, 0, 0, 0, 0, 0, 83, 47, 221
"/home/roman/X11F/source/include/rgb.d", "D", 6, 0, 0, 0, 0, 0, 0, 0, 0, 0, 0, 46, 3, 55
"/home/roman/X11F/source/include/rrtransform.d", "D", 17, 0, 0, 0, 0, 0, 0, 0, 0, 0, 0, 30, 7, 54
"/home/roman/X11F/source/include/sarea.d", "D", 39, 0, 0, 0, 0, 0, 0, 0, 0, 0, 0, 50, 13, 102
"/home/roman/X11F/source/include/screenint.d", "D", 13, 0, 0, 0, 0, 0, 0, 0, 0, 0, 0, 46, 7, 66
"/home/roman/X11F/source/include/scrintstr.d", "D", 395, 0, 0, 0, 0, 0, 0, 0, 0, 0, 0, 220, 142, 757
"/home/roman/X11F/source/include/scrnintstr.d", "D", 222, 0, 0, 0, 0, 0, 0, 0, 0, 0, 0, 259, 141, 622
"/home/roman/X11F/source/include/servermd.d", "D", 42, 0, 0, 0, 0, 0, 0, 0, 0, 0, 0, 57, 15, 114
"/home/roman/X11F/source/include/shadow.d", "D", 61, 0, 0, 0, 0, 0, 0, 0, 0, 0, 0, 25, 39, 125
"/home/roman/X11F/source/include/shadowfb.d", "D", 7, 0, 0, 0, 0, 0, 0, 0, 0, 0, 0, 22, 7, 36
"/home/roman/X11F/source/include/shmint.d", "D", 45, 0, 0, 0, 0, 0, 0, 0, 0, 0, 0, 24, 13, 82
"/home/roman/X11F/source/include/syncsdk.d", "D", 19, 0, 0, 0, 0, 0, 0, 0, 0, 0, 0, 23, 8, 50
"/home/roman/X11F/source/include/validate.d", "D", 15, 0, 0, 0, 0, 0, 0, 0, 0, 0, 0, 26, 9, 50
"/home/roman/X11F/source/include/vbe.d", "D", 211, 0, 0, 0, 0, 0, 0, 0, 0, 0, 0, 82, 62, 355
"/home/roman/X11F/source/include/vbeModes.d", "D", 37, 0, 0, 0, 0, 0, 0, 0, 0, 0, 0, 40, 10, 87
"/home/roman/X11F/source/include/vgaHW.d", "D", 148, 0, 0, 0, 0, 0, 0, 0, 0, 0, 0, 39, 26, 213
"/home/roman/X11F/source/include/vidmodestr.d", "D", 112, 0, 0, 0, 0, 0, 0, 0, 0, 0, 0, 0, 13, 125
"/home/roman/X11F/source/include/vndserver.d", "D", 8, 0, 0, 0, 0, 0, 0, 0, 0, 0, 0, 29, 6, 43
"/home/roman/X11F/source/include/wfbrename.d", "D", 123, 0, 0, 0, 0, 0, 0, 0, 0, 0, 0, 1, 3, 127
"/home/roman/X11F/source/include/window.d", "D", 87, 0, 0, 0, 0, 0, 0, 0, 0, 0, 0, 51, 51, 189
"/home/roman/X11F/source/include/windowstr.d", "D", 93, 0, 0, 0, 0, 0, 0, 0, 0, 0, 0, 71, 19, 183
"/home/roman/X11F/source/include/xaarop.d", "D", 264, 0, 0, 0, 0, 0, 0, 0, 0, 0, 0, 1, 5, 270
"/home/roman/X11F/source/include/xf86.d", "D", 117, 0, 0, 0, 0, 0, 0, 0, 0, 0, 0, 55, 40, 212
"/home/roman/X11F/source/include/xf86Crtc.d", "D", 367, 0, 0, 0, 0, 0, 0, 0, 0, 0, 0, 498, 199, 1064
"/home/roman/X11F/source/include/xf86Cursor.d", "D", 78, 0, 0, 0, 0, 0, 0, 0, 0, 0, 0, 1, 15, 94
"/home/roman/X11F/source/include/xf86DDC.d", "D", 21, 0, 0, 0, 0, 0, 0, 0, 0, 0, 0, 21, 17, 59
"/home/roman/X11F/source/include/xf86Modes.d", "D", 39, 0, 0, 0, 0, 0, 0, 0, 0, 0, 0, 27, 24, 90
"/home/roman/X11F/source/include/xf86Module.d", "D", 134, 0, 0, 0, 0, 0, 0, 0, 0, 0, 0, 84, 31, 249
"/home/roman/X11F/source/include/xf86Opt.d", "D", 87, 0, 0, 0, 0, 0, 0, 0, 0, 0, 0, 28, 14, 129
"/home/roman/X11F/source/include/xf86Optionstr.d", "D", 15, 0, 0, 0, 0, 0, 0, 0, 0, 0, 0, 26, 9, 50
"/home/roman/X11F/source/include/xf86Optrec.d", "D", 22, 0, 0, 0, 0, 0, 0, 0, 0, 0, 0, 59, 6, 87
"/home/roman/X11F/source/include/xf86Parser.d", "D", 410, 0, 0, 0, 0, 0, 0, 0, 0, 0, 0, 63, 50, 523
"/home/roman/X11F/source/include/xf86Pci.d", "D", 97, 0, 0, 0, 0, 0, 0, 0, 0, 0, 0, 120, 21, 238
"/home/roman/X11F/source/include/xf86Priv.d", "D", 18, 0, 0, 0, 0, 0, 0, 0, 0, 0, 0, 35, 12, 65
"/home/roman/X11F/source/include/xf86Privstr.d", "D", 69, 0, 0, 0, 0, 0, 0, 0, 0, 0, 0, 46, 22, 137
"/home/roman/X11F/source/include/xf86RandR12.d", "D", 12, 0, 0, 0, 0, 0, 0, 0, 0, 0, 0, 23, 5, 40
"/home/roman/X11F/source/include/xf86Xinput.d", "D", 70, 0, 0, 0, 0, 0, 0, 0, 0, 0, 0, 62, 18, 150
"/home/roman/X11F/source/include/xf86_OSlib.d", "D", 108, 0, 0, 0, 0, 0, 0, 0, 0, 0, 0, 98, 40, 246
"/home/roman/X11F/source/include/xf86_OSproc.d", "D", 52, 0, 0, 0, 0, 0, 0, 0, 0, 0, 0, 84, 16, 152
"/home/roman/X11F/source/include/xf86cmap.d", "D", 14, 0, 0, 0, 0, 0, 0, 0, 0, 0, 0, 27, 12, 53
"/home/roman/X11F/source/include/xf86fbman.d", "D", 46, 0, 0, 0, 0, 0, 0, 0, 0, 0, 0, 27, 21, 94
"/home/roman/X11F/source/include/xf86i2c.d", "D", 67, 0, 0, 0, 0, 0, 0, 0, 0, 0, 0, 8, 29, 104
"/home/roman/X11F/source/include/xf86int10.d", "D", 102, 0, 0, 0, 0, 0, 0, 0, 0, 0, 0, 14, 21, 137
"/home/roman/X11F/source/include/xf86platformBus.d", "D", 34, 0, 0, 0, 0, 0, 0, 0, 0, 0, 0, 39, 18, 91
"/home/roman/X11F/source/include/xf86sbusBus.d", "D", 37, 0, 0, 0, 0, 0, 0, 0, 0, 0, 0, 24, 9, 70
"/home/roman/X11F/source/include/xf86str.d", "D", 606, 0, 0, 0, 0, 0, 0, 0, 0, 0, 0, 159, 105, 870
"/home/roman/X11F/source/include/xf86xv.d", "D", 108, 0, 0, 0, 0, 0, 0, 0, 0, 0, 0, 32, 30, 170
"/home/roman/X11F/source/include/xf86xvmc.d", "D", 46, 0, 0, 0, 0, 0, 0, 0, 0, 0, 0, 69, 20, 135
"/home/roman/X11F/source/include/xisb.d", "D", 17, 0, 0, 0, 0, 0, 0, 0, 0, 0, 0, 40, 8, 65
"/home/roman/X11F/source/include/xkbrules.d", "D", 13, 0, 0, 0, 0, 0, 0, 0, 0, 0, 0, 26, 5, 44
"/home/roman/X11F/source/include/xkbsrv.d", "D", 144, 0, 0, 0, 0, 0, 0, 0, 0, 0, 0, 72, 37, 253
"/home/roman/X11F/source/include/xkbstr.d", "D", 521, 0, 0, 0, 0, 0, 0, 0, 0, 0, 0, 75, 85, 681
"/home/roman/X11F/source/include/xlibre_ptrtypes.d", "D", 12, 0, 0, 0, 0, 0, 0, 0, 0, 0, 0, 19, 9, 40
"/home/roman/X11F/source/include/xorgVersion.d", "D", 16, 0, 0, 0, 0, 0, 0, 0, 0, 0, 0, 27, 9, 52
"/home/roman/X11F/source/include/xserver_properties.d", "D", 134, 0, 0, 0, 0, 0, 0, 0, 0, 0, 0, 49, 24, 207
"/home/roman/X11F/source/include/xvdix.d", "D", 118, 0, 0, 0, 0, 0, 0, 0, 0, 0, 0, 54, 19, 191
"/home/roman/X11F/source/include/xvmcext.d", "D", 75, 0, 0, 0, 0, 0, 0, 0, 0, 0, 0, 2, 18, 95
"/home/roman/X11F/source/mi/mi_priv.d", "D", 66, 0, 0, 0, 0, 0, 0, 0, 0, 0, 0, 15, 19, 100
"/home/roman/X11F/source/mi/miarc.d", "D", 2730, 0, 0, 0, 0, 0, 0, 0, 0, 0, 0, 476, 266, 3472
"/home/roman/X11F/source/mi/micmap.d", "D", 451, 0, 0, 0, 0, 0, 0, 0, 0, 0, 0, 61, 66, 578
"/home/roman/X11F/source/mi/micopy.d", "D", 212, 0, 0, 0, 0, 0, 0, 0, 0, 0, 0, 53, 33, 298
"/home/roman/X11F/source/mi/midash.d", "D", 34, 0, 0, 0, 0, 0, 0, 0, 0, 0, 0, 45, 5, 84
"/home/roman/X11F/source/mi/midispcur.d", "D", 369, 0, 0, 0, 0, 0, 0, 0, 0, 0, 0, 42, 86, 497
"/home/roman/X11F/source/mi/mieq.d", "D", 411, 0, 0, 0, 0, 0, 0, 0, 0, 0, 0, 106, 84, 601
"/home/roman/X11F/source/mi/miexpose.d", "D", 366, 0, 0, 0, 0, 0, 0, 0, 0, 0, 0, 136, 66, 568
"/home/roman/X11F/source/mi/mifillarc.d", "D", 613, 0, 0, 0, 0, 0, 0, 0, 0, 0, 0, 43, 37, 693
"/home/roman/X11F/source/mi/mifpoly.d", "D", 8, 0, 0, 0, 0, 0, 0, 0, 0, 0, 0, 47, 6, 61
"/home/roman/X11F/source/mi/migc.d", "D", 134, 0, 0, 0, 0, 0, 0, 0, 0, 0, 0, 48, 17, 199
"/home/roman/X11F/source/mi/miglblt.d", "D", 140, 0, 0, 0, 0, 0, 0, 0, 0, 0, 0, 70, 24, 234
"/home/roman/X11F/source/mi/miinitext.d", "D", 164, 0, 0, 0, 0, 0, 0, 0, 0, 0, 0, 79, 48, 291
"/home/roman/X11F/source/mi/mioverlay.d", "D", 1438, 0, 0, 0, 0, 0, 0, 0, 0, 0, 0, 71, 320, 1829
"/home/roman/X11F/source/mi/mipointer.d", "D", 421, 0, 0, 0, 0, 0, 0, 0, 0, 0, 0, 239, 116, 776
"/home/roman/X11F/source/mi/mipointer_priv.d", "D", 13, 0, 0, 0, 0, 0, 0, 0, 0, 0, 0, 10, 9, 32
"/home/roman/X11F/source/mi/mipoly.d", "D", 409, 0, 0, 0, 0, 0, 0, 0, 0, 0, 0, 233, 70, 712
"/home/roman/X11F/source/mi/mipolypnt.d", "D", 55, 0, 0, 0, 0, 0, 0, 0, 0, 0, 0, 48, 9, 112
"/home/roman/X11F/source/mi/mipolyrect.d", "D", 115, 0, 0, 0, 0, 0, 0, 0, 0, 0, 0, 47, 14, 176
"/home/roman/X11F/source/mi/mipolyseg.d", "D", 17, 0, 0, 0, 0, 0, 0, 0, 0, 0, 0, 56, 5, 78
"/home/roman/X11F/source/mi/mipolytext.d", "D", 63, 0, 0, 0, 0, 0, 0, 0, 0, 0, 0, 57, 11, 131
"/home/roman/X11F/source/mi/mipushpxl.d", "D", 162, 0, 0, 0, 0, 0, 0, 0, 0, 0, 0, 75, 14, 251
"/home/roman/X11F/source/mi/miscanfill.d", "D", 55, 0, 0, 0, 0, 0, 0, 0, 0, 0, 0, 75, 10, 140
"/home/roman/X11F/source/mi/miscrinit.d", "D", 187, 0, 0, 0, 0, 0, 0, 0, 0, 0, 0, 80, 35, 302
"/home/roman/X11F/source/mi/misprite.d", "D", 577, 0, 0, 0, 0, 0, 0, 0, 0, 0, 0, 95, 161, 833
"/home/roman/X11F/source/mi/mivaltree.d", "D", 426, 0, 0, 0, 0, 0, 0, 0, 0, 0, 0, 242, 52, 720
"/home/roman/X11F/source/mi/miwideline.d", "D", 2088, 0, 0, 0, 0, 0, 0, 0, 0, 0, 0, 115, 209, 2412
"/home/roman/X11F/source/mi/miwindow.d", "D", 545, 0, 0, 0, 0, 0, 0, 0, 0, 0, 0, 159, 97, 801
"/home/roman/X11F/source/mi/mizerarc.d", "D", 674, 0, 0, 0, 0, 0, 0, 0, 0, 0, 0, 53, 32, 759
"/home/roman/X11F/source/mi/mizerclip.d", "D", 222, 0, 0, 0, 0, 0, 0, 0, 0, 0, 0, 369, 33, 624
"/home/roman/X11F/source/mi/mizerline.d", "D", 222, 0, 0, 0, 0, 0, 0, 0, 0, 0, 0, 89, 43, 354
"/home/roman/X11F/source/miext/damage/damage.c", "C", 0, 0, 1590, 0, 0, 0, 0, 0, 0, 0, 0, 92, 278, 1960
"/home/roman/X11F/source/miext/extinit_priv.d", "D", 57, 0, 0, 0, 0, 0, 0, 0, 0, 0, 0, 8, 10, 75
"/home/roman/X11F/source/miext/rootless/rootless.h", "C++", 0, 100, 0, 0, 0, 0, 0, 0, 0, 0, 0, 215, 43, 358
"/home/roman/X11F/source/miext/rootless/rootlessCommon.c", "C", 0, 0, 319, 0, 0, 0, 0, 0, 0, 0, 0, 95, 82, 496
"/home/roman/X11F/source/miext/rootless/rootlessCommon.h", "C++", 0, 145, 0, 0, 0, 0, 0, 0, 0, 0, 0, 68, 58, 271
"/home/roman/X11F/source/miext/rootless/rootlessConfig.h", "C++", 0, 6, 0, 0, 0, 0, 0, 0, 0, 0, 0, 32, 5, 43
"/home/roman/X11F/source/miext/rootless/rootlessGC.c", "C", 0, 0, 1115, 0, 0, 0, 0, 0, 0, 0, 0, 122, 242, 1479
"/home/roman/X11F/source/miext/rootless/rootlessScreen.c", "C", 0, 0, 578, 0, 0, 0, 0, 0, 0, 0, 0, 117, 159, 854
"/home/roman/X11F/source/miext/rootless/rootlessValTree.c", "C", 0, 0, 274, 0, 0, 0, 0, 0, 0, 0, 0, 212, 43, 529
"/home/roman/X11F/source/miext/rootless/rootlessWindow.c", "C", 0, 0, 833, 0, 0, 0, 0, 0, 0, 0, 0, 222, 251, 1306
"/home/roman/X11F/source/miext/rootless/rootlessWindow.h", "C++", 0, 25, 0, 0, 0, 0, 0, 0, 0, 0, 0, 28, 8, 61
"/home/roman/X11F/source/miext/shadow/c2p_core.h", "C++", 0, 94, 0, 0, 0, 0, 0, 0, 0, 0, 0, 59, 41, 194
"/home/roman/X11F/source/miext/shadow/sh3224.c", "C", 0, 0, 99, 0, 0, 0, 0, 0, 0, 0, 0, 23, 15, 137
"/home/roman/X11F/source/miext/shadow/shadow.c", "C", 0, 0, 137, 0, 0, 0, 0, 0, 0, 0, 0, 26, 30, 193
"/home/roman/X11F/source/miext/shadow/shafb4.c", "C", 0, 0, 87, 0, 0, 0, 0, 0, 0, 0, 0, 33, 18, 138
"/home/roman/X11F/source/miext/shadow/shafb8.c", "C", 0, 0, 91, 0, 0, 0, 0, 0, 0, 0, 0, 33, 18, 142
"/home/roman/X11F/source/miext/shadow/shiplan2p4.c", "C", 0, 0, 84, 0, 0, 0, 0, 0, 0, 0, 0, 33, 18, 135
"/home/roman/X11F/source/miext/shadow/shiplan2p8.c", "C", 0, 0, 85, 0, 0, 0, 0, 0, 0, 0, 0, 33, 18, 136
"/home/roman/X11F/source/miext/shadow/shpacked.c", "C", 0, 0, 76, 0, 0, 0, 0, 0, 0, 0, 0, 23, 9, 108
"/home/roman/X11F/source/miext/shadow/shplanar.c", "C", 0, 0, 110, 0, 0, 0, 0, 0, 0, 0, 0, 43, 14, 167
"/home/roman/X11F/source/miext/shadow/shplanar8.c", "C", 0, 0, 111, 0, 0, 0, 0, 0, 0, 0, 0, 44, 14, 169
"/home/roman/X11F/source/miext/shadow/shrot16pack.c", "C", 0, 0, 4, 0, 0, 0, 0, 0, 0, 0, 0, 21, 4, 29
"/home/roman/X11F/source/miext/shadow/shrot16pack_180.c", "C", 0, 0, 5, 0, 0, 0, 0, 0, 0, 0, 0, 21, 4, 30
"/home/roman/X11F/source/miext/shadow/shrot16pack_270.c", "C", 0, 0, 5, 0, 0, 0, 0, 0, 0, 0, 0, 21, 4, 30
"/home/roman/X11F/source/miext/shadow/shrot16pack_270YX.c", "C", 0, 0, 5, 0, 0, 0, 0, 0, 0, 0, 0, 21, 4, 30
"/home/roman/X11F/source/miext/shadow/shrot16pack_90.c", "C", 0, 0, 5, 0, 0, 0, 0, 0, 0, 0, 0, 21, 4, 30
"/home/roman/X11F/source/miext/shadow/shrot16pack_90YX.c", "C", 0, 0, 5, 0, 0, 0, 0, 0, 0, 0, 0, 21, 4, 30
"/home/roman/X11F/source/miext/shadow/shrot32pack.c", "C", 0, 0, 4, 0, 0, 0, 0, 0, 0, 0, 0, 21, 4, 29
"/home/roman/X11F/source/miext/shadow/shrot32pack_180.c", "C", 0, 0, 5, 0, 0, 0, 0, 0, 0, 0, 0, 21, 4, 30
"/home/roman/X11F/source/miext/shadow/shrot32pack_270.c", "C", 0, 0, 5, 0, 0, 0, 0, 0, 0, 0, 0, 21, 4, 30
"/home/roman/X11F/source/miext/shadow/shrot32pack_90.c", "C", 0, 0, 5, 0, 0, 0, 0, 0, 0, 0, 0, 21, 4, 30
"/home/roman/X11F/source/miext/shadow/shrot8pack.c", "C", 0, 0, 4, 0, 0, 0, 0, 0, 0, 0, 0, 21, 4, 29
"/home/roman/X11F/source/miext/shadow/shrot8pack_180.c", "C", 0, 0, 5, 0, 0, 0, 0, 0, 0, 0, 0, 21, 4, 30
"/home/roman/X11F/source/miext/shadow/shrot8pack_270.c", "C", 0, 0, 5, 0, 0, 0, 0, 0, 0, 0, 0, 21, 4, 30
"/home/roman/X11F/source/miext/shadow/shrot8pack_90.c", "C", 0, 0, 5, 0, 0, 0, 0, 0, 0, 0, 0, 21, 4, 30
"/home/roman/X11F/source/miext/shadow/shrotate.c", "C", 0, 0, 223, 0, 0, 0, 0, 0, 0, 0, 0, 51, 23, 297
"/home/roman/X11F/source/miext/shadow/shrotpack.h", "C++", 0, 146, 0, 0, 0, 0, 0, 0, 0, 0, 0, 27, 17, 190
"/home/roman/X11F/source/miext/shadow/shrotpackYX.h", "C++", 0, 110, 0, 0, 0, 0, 0, 0, 0, 0, 0, 21, 22, 153
"/home/roman/X11F/source/miext/sync/misync.c", "C", 0, 0, 120, 0, 0, 0, 0, 0, 0, 0, 0, 27, 35, 182
"/home/roman/X11F/source/miext/sync/misync_priv.h", "C++", 0, 18, 0, 0, 0, 0, 0, 0, 0, 0, 0, 6, 7, 31
"/home/roman/X11F/source/miext/sync/misyncfd.c", "C", 0, 0, 52, 0, 0, 0, 0, 0, 0, 0, 0, 25, 23, 100
"/home/roman/X11F/source/miext/sync/misyncshm.c", "C", 0, 0, 133, 0, 0, 0, 0, 0, 0, 0, 0, 21, 34, 188
"/home/roman/X11F/source/os/WaitFor.d", "D", 321, 0, 0, 0, 0, 0, 0, 0, 0, 0, 0, 113, 74, 508
"/home/roman/X11F/source/os/Xtrans.d", "D", 708, 0, 0, 0, 0, 0, 0, 0, 0, 0, 0, 145, 193, 1046
"/home/roman/X11F/source/os/Xtransint.d", "D", 124, 0, 0, 0, 0, 0, 0, 0, 0, 0, 0, 81, 56, 261
"/home/roman/X11F/source/os/Xtranssock.d", "D", 1165, 0, 0, 0, 0, 0, 0, 0, 0, 0, 0, 247, 260, 1672
"/home/roman/X11F/source/os/Xtransutil.d", "D", 240, 0, 0, 0, 0, 0, 0, 0, 0, 0, 0, 114, 43, 397
"/home/roman/X11F/source/os/access.d", "D", 2913, 0, 0, 0, 0, 0, 0, 0, 0, 0, 0, 418, 432, 3763
"/home/roman/X11F/source/os/alloc.d", "D", 40, 0, 0, 0, 0, 0, 0, 0, 0, 0, 0, 9, 12, 61
"/home/roman/X11F/source/os/audit_priv.d", "D", 9, 0, 0, 0, 0, 0, 0, 0, 0, 0, 0, 6, 7, 22
"/home/roman/X11F/source/os/auth.d", "D", 225, 0, 0, 0, 0, 0, 0, 0, 0, 0, 0, 56, 44, 325
"/home/roman/X11F/source/os/backtrace.d", "D", 308, 0, 0, 0, 0, 0, 0, 0, 0, 0, 0, 38, 71, 417
"/home/roman/X11F/source/os/bug_priv.d", "D", 20, 0, 0, 0, 0, 0, 0, 0, 0, 0, 0, 6, 9, 35
"/home/roman/X11F/source/os/busfault.d", "D", 94, 0, 0, 0, 0, 0, 0, 0, 0, 0, 0, 28, 31, 153
"/home/roman/X11F/source/os/client.d", "D", 336, 0, 0, 0, 0, 0, 0, 0, 0, 0, 0, 176, 76, 588
"/home/roman/X11F/source/os/client_priv.d", "D", 45, 0, 0, 0, 0, 0, 0, 0, 0, 0, 0, 16, 13, 74
"/home/roman/X11F/source/os/cmdline.d", "D", 25, 0, 0, 0, 0, 0, 0, 0, 0, 0, 0, 6, 6, 37
"/home/roman/X11F/source/os/connection.d", "D", 701, 0, 0, 0, 0, 0, 0, 0, 0, 0, 0, 183, 168, 1052
"/home/roman/X11F/source/os/ddx_priv.d", "D", 12, 0, 0, 0, 0, 0, 0, 0, 0, 0, 0, 11, 10, 33
"/home/roman/X11F/source/os/fmt.d", "D", 62, 0, 0, 0, 0, 0, 0, 0, 0, 0, 0, 20, 21, 103
"/home/roman/X11F/source/os/inputthread.d", "D", 347, 0, 0, 0, 0, 0, 0, 0, 0, 0, 0, 115, 98, 560
"/home/roman/X11F/source/os/io.d", "D", 710, 0, 0, 0, 0, 0, 0, 0, 0, 0, 0, 240, 120, 1070
"/home/roman/X11F/source/os/io_priv.d", "D", 22, 0, 0, 0, 0, 0, 0, 0, 0, 0, 0, 6, 8, 36
"/home/roman/X11F/source/os/log.d", "D", 702, 0, 0, 0, 0, 0, 0, 0, 0, 0, 0, 151, 133, 986
"/home/roman/X11F/source/os/log_priv.d", "D", 17, 0, 0, 0, 0, 0, 0, 0, 0, 0, 0, 69, 13, 99
"/home/roman/X11F/source/os/mathx_priv.d", "D", 9, 0, 0, 0, 0, 0, 0, 0, 0, 0, 0, 5, 4, 18
"/home/roman/X11F/source/os/mitauth.d", "D", 106, 0, 0, 0, 0, 0, 0, 0, 0, 0, 0, 33, 20, 159
"/home/roman/X11F/source/os/osdep.d", "D", 92, 0, 0, 0, 0, 0, 0, 0, 0, 0, 0, 86, 47, 225
"/home/roman/X11F/source/os/osinit.d", "D", 195, 0, 0, 0, 0, 0, 0, 0, 0, 0, 0, 66, 37, 298
"/home/roman/X11F/source/os/ospoll.d", "D", 612, 0, 0, 0, 0, 0, 0, 0, 0, 0, 0, 54, 94, 760
"/home/roman/X11F/source/os/ossock.d", "D", 65, 0, 0, 0, 0, 0, 0, 0, 0, 0, 0, 6, 10, 81
"/home/roman/X11F/source/os/probes_priv.d", "D", 10, 0, 0, 0, 0, 0, 0, 0, 0, 0, 0, 24, 5, 39
"/home/roman/X11F/source/os/reallocarray.d", "D", 19, 0, 0, 0, 0, 0, 0, 0, 0, 0, 0, 20, 5, 44
"/home/roman/X11F/source/os/screensaver.d", "D", 5, 0, 0, 0, 0, 0, 0, 0, 0, 0, 0, 5, 3, 13
"/home/roman/X11F/source/os/serverlock.d", "D", 137, 0, 0, 0, 0, 0, 0, 0, 0, 0, 0, 99, 20, 256
"/home/roman/X11F/source/os/strcasecmp.d", "D", 6, 0, 0, 0, 0, 0, 0, 0, 0, 0, 0, 28, 3, 37
"/home/roman/X11F/source/os/strcasestr.d", "D", 26, 0, 0, 0, 0, 0, 0, 0, 0, 0, 0, 34, 6, 66
"/home/roman/X11F/source/os/string.d", "D", 56, 0, 0, 0, 0, 0, 0, 0, 0, 0, 0, 9, 11, 76
"/home/roman/X11F/source/os/strlcat.d", "D", 29, 0, 0, 0, 0, 0, 0, 0, 0, 0, 0, 23, 7, 59
"/home/roman/X11F/source/os/strlcpy.d", "D", 27, 0, 0, 0, 0, 0, 0, 0, 0, 0, 0, 22, 7, 56
"/home/roman/X11F/source/os/strndup.d", "D", 20, 0, 0, 0, 0, 0, 0, 0, 0, 0, 0, 28, 6, 54
"/home/roman/X11F/source/os/timingsafe_memcmp.d", "D", 21, 0, 0, 0, 0, 0, 0, 0, 0, 0, 0, 21, 9, 51
"/home/roman/X11F/source/os/transport.d", "D", 14, 0, 0, 0, 0, 0, 0, 0, 0, 0, 0, 54, 7, 75
"/home/roman/X11F/source/os/utils.d", "D", 1199, 0, 0, 0, 0, 0, 0, 0, 0, 0, 0, 147, 148, 1494
"/home/roman/X11F/source/os/xdmauth.d", "D", 364, 0, 0, 0, 0, 0, 0, 0, 0, 0, 0, 43, 52, 459
"/home/roman/X11F/source/os/xdmcp.d", "D", 1149, 0, 0, 0, 0, 0, 0, 0, 0, 0, 0, 101, 206, 1456
"/home/roman/X11F/source/os/xhostname.d", "D", 20, 0, 0, 0, 0, 0, 0, 0, 0, 0, 0, 11, 9, 40
"/home/roman/X11F/source/os/xprintf.d", "D", 27, 0, 0, 0, 0, 0, 0, 0, 0, 0, 0, 80, 8, 115
"/home/roman/X11F/source/os/xserver_poll.d", "D", 113, 0, 0, 0, 0, 0, 0, 0, 0, 0, 0, 120, 47, 280
"/home/roman/X11F/source/os/xsha1.d", "D", 249, 0, 0, 0, 0, 0, 0, 0, 0, 0, 0, 28, 63, 340
"/home/roman/X11F/source/present/present.d", "D", 187, 0, 0, 0, 0, 0, 0, 0, 0, 0, 0, 67, 34, 288
"/home/roman/X11F/source/present/present_event.d", "D", 206, 0, 0, 0, 0, 0, 0, 0, 0, 0, 0, 25, 35, 266
"/home/roman/X11F/source/present/present_execute.d", "D", 107, 0, 0, 0, 0, 0, 0, 0, 0, 0, 0, 38, 21, 166
"/home/roman/X11F/source/present/present_fake.d", "D", 91, 0, 0, 0, 0, 0, 0, 0, 0, 0, 0, 27, 22, 140
"/home/roman/X11F/source/present/present_fence.d", "D", 82, 0, 0, 0, 0, 0, 0, 0, 0, 0, 0, 28, 20, 130
"/home/roman/X11F/source/present/present_notify.d", "D", 66, 0, 0, 0, 0, 0, 0, 0, 0, 0, 0, 31, 21, 118
"/home/roman/X11F/source/present/present_priv.d", "D", 235, 0, 0, 0, 0, 0, 0, 0, 0, 0, 0, 72, 98, 405
"/home/roman/X11F/source/present/present_request.d", "D", 349, 0, 0, 0, 0, 0, 0, 0, 0, 0, 0, 35, 65, 449
"/home/roman/X11F/source/present/present_scmd.d", "D", 613, 0, 0, 0, 0, 0, 0, 0, 0, 0, 0, 141, 154, 908
"/home/roman/X11F/source/present/present_screen.d", "D", 167, 0, 0, 0, 0, 0, 0, 0, 0, 0, 0, 45, 50, 262
"/home/roman/X11F/source/present/present_vblank.d", "D", 192, 0, 0, 0, 0, 0, 0, 0, 0, 0, 0, 30, 47, 269
"/home/roman/X11F/source/pseudoramiX/pseudoramiX.d", "D", 210, 0, 0, 0, 0, 0, 0, 0, 0, 0, 0, 55, 78, 343
"/home/roman/X11F/source/randr/randr.d", "D", 529, 0, 0, 0, 0, 0, 0, 0, 0, 0, 0, 56, 109, 694
"/home/roman/X11F/source/randr/randrstr_priv.d", "D", 114, 0, 0, 0, 0, 0, 0, 0, 0, 0, 0, 280, 70, 464
"/home/roman/X11F/source/randr/rrcrtc.d", "D", 1492, 0, 0, 0, 0, 0, 0, 0, 0, 0, 0, 181, 319, 1992
"/home/roman/X11F/source/randr/rrdispatch.d", "D", 206, 0, 0, 0, 0, 0, 0, 0, 0, 0, 0, 46, 35, 287
"/home/roman/X11F/source/randr/rrdispatch_priv.d", "D", 50, 0, 0, 0, 0, 0, 0, 0, 0, 0, 0, 13, 13, 76
"/home/roman/X11F/source/randr/rrinfo.d", "D", 224, 0, 0, 0, 0, 0, 0, 0, 0, 0, 0, 38, 38, 300
"/home/roman/X11F/source/randr/rrlease.d", "D", 245, 0, 0, 0, 0, 0, 0, 0, 0, 0, 0, 64, 60, 369
"/home/roman/X11F/source/randr/rrmode.d", "D", 296, 0, 0, 0, 0, 0, 0, 0, 0, 0, 0, 46, 63, 405
"/home/roman/X11F/source/randr/rrmonitor.d", "D", 554, 0, 0, 0, 0, 0, 0, 0, 0, 0, 0, 58, 120, 732
"/home/roman/X11F/source/randr/rroutput.d", "D", 468, 0, 0, 0, 0, 0, 0, 0, 0, 0, 0, 50, 105, 623
"/home/roman/X11F/source/randr/rrpointer.d", "D", 69, 0, 0, 0, 0, 0, 0, 0, 0, 0, 0, 28, 11, 108
"/home/roman/X11F/source/randr/rrproperty.d", "D", 565, 0, 0, 0, 0, 0, 0, 0, 0, 0, 0, 48, 119, 732
"/home/roman/X11F/source/randr/rrprovider.d", "D", 354, 0, 0, 0, 0, 0, 0, 0, 0, 0, 0, 43, 89, 486
"/home/roman/X11F/source/randr/rrproviderproperty.d", "D", 505, 0, 0, 0, 0, 0, 0, 0, 0, 0, 0, 44, 104, 653
"/home/roman/X11F/source/randr/rrscreen.d", "D", 853, 0, 0, 0, 0, 0, 0, 0, 0, 0, 0, 108, 146, 1107
"/home/roman/X11F/source/randr/rrtransform.d", "D", 226, 0, 0, 0, 0, 0, 0, 0, 0, 0, 0, 33, 21, 280
"/home/roman/X11F/source/randr/rrxinerama.d", "D", 189, 0, 0, 0, 0, 0, 0, 0, 0, 0, 0, 80, 50, 319
"/home/roman/X11F/source/record/record.d", "D", 1674, 0, 0, 0, 0, 0, 0, 0, 0, 0, 0, 690, 313, 2677
"/home/roman/X11F/source/record/set.d", "D", 284, 0, 0, 0, 0, 0, 0, 0, 0, 0, 0, 65, 67, 416
"/home/roman/X11F/source/render/animcur.d", "D", 248, 0, 0, 0, 0, 0, 0, 0, 0, 0, 0, 45, 63, 356
"/home/roman/X11F/source/render/filter.d", "D", 286, 0, 0, 0, 0, 0, 0, 0, 0, 0, 0, 42, 55, 383
"/home/roman/X11F/source/render/glyph.d", "D", 561, 0, 0, 0, 0, 0, 0, 0, 0, 0, 0, 32, 71, 664
"/home/roman/X11F/source/render/glyphstr_priv.d", "D", 52, 0, 0, 0, 0, 0, 0, 0, 0, 0, 0, 7, 12, 71
"/home/roman/X11F/source/render/matrix.d", "D", 49, 0, 0, 0, 0, 0, 0, 0, 0, 0, 0, 21, 11, 81
"/home/roman/X11F/source/render/miindex.d", "D", 245, 0, 0, 0, 0, 0, 0, 0, 0, 0, 0, 47, 29, 321
"/home/roman/X11F/source/render/mipict.d", "D", 440, 0, 0, 0, 0, 0, 0, 0, 0, 0, 0, 52, 61, 553
"/home/roman/X11F/source/render/mirect.d", "D", 83, 0, 0, 0, 0, 0, 0, 0, 0, 0, 0, 22, 15, 120
"/home/roman/X11F/source/render/mitrap.d", "D", 49, 0, 0, 0, 0, 0, 0, 0, 0, 0, 0, 22, 11, 82
"/home/roman/X11F/source/render/mitri.d", "D", 39, 0, 0, 0, 0, 0, 0, 0, 0, 0, 0, 22, 7, 68
"/home/roman/X11F/source/render/picture.d", "D", 1287, 0, 0, 0, 0, 0, 0, 0, 0, 0, 0, 57, 208, 1552
"/home/roman/X11F/source/render/picturestr_priv.d", "D", 32, 0, 0, 0, 0, 0, 0, 0, 0, 0, 0, 6, 9, 47
"/home/roman/X11F/source/render/render.d", "D", 2445, 0, 0, 0, 0, 0, 0, 0, 0, 0, 0, 65, 447, 2957
"/home/roman/X11F/source/test/bigreq/request-length.c", "C", 0, 0, 49, 0, 0, 0, 0, 0, 0, 0, 0, 38, 15, 102
"/home/roman/X11F/source/test/bugs/bug1354.c", "C", 0, 0, 111, 0, 0, 0, 0, 0, 0, 0, 0, 13, 26, 150
"/home/roman/X11F/source/test/damage/primitives.c", "C", 0, 0, 255, 0, 0, 0, 0, 0, 0, 0, 0, 68, 57, 380
"/home/roman/X11F/source/test/fixes.d", "D", 246, 0, 0, 0, 0, 0, 0, 0, 0, 0, 0, 55, 55, 356
"/home/roman/X11F/source/test/hashtabletest.d", "D", 140, 0, 0, 0, 0, 0, 0, 0, 0, 0, 0, 1, 30, 171
"/home/roman/X11F/source/test/input.d", "D", 1500, 0, 0, 0, 0, 0, 0, 0, 0, 0, 0, 135, 294, 1929
"/home/roman/X11F/source/test/list.d", "D", 266, 0, 0, 0, 0, 0, 0, 0, 0, 0, 0, 37, 88, 391
"/home/roman/X11F/source/test/misc.d", "D", 165, 0, 0, 0, 0, 0, 0, 0, 0, 0, 0, 34, 36, 235
"/home/roman/X11F/source/test/scripts/build-travis-osx.sh", "Shell Script", 0, 0, 0, 0, 0, 0, 34, 0, 0, 0, 0, 9, 8, 51
"/home/roman/X11F/source/test/scripts/run-piglit.sh", "Shell Script", 0, 0, 0, 0, 0, 0, 54, 0, 0, 0, 0, 12, 15, 81
"/home/roman/X11F/source/test/scripts/xephyr-glamor-gles2-piglit.sh", "Shell Script", 0, 0, 0, 0, 0, 0, 22, 0, 0, 0, 0, 5, 7, 34
"/home/roman/X11F/source/test/scripts/xephyr-glamor-gles3-piglit.sh", "Shell Script", 0, 0, 0, 0, 0, 0, 22, 0, 0, 0, 0, 5, 7, 34
"/home/roman/X11F/source/test/scripts/xephyr-glamor-piglit.sh", "Shell Script", 0, 0, 0, 0, 0, 0, 22, 0, 0, 0, 0, 5, 7, 34
"/home/roman/X11F/source/test/scripts/xinit-piglit-session.sh", "Shell Script", 0, 0, 0, 0, 0, 0, 23, 0, 0, 0, 0, 8, 9, 40
"/home/roman/X11F/source/test/scripts/xvfb-piglit.sh", "Shell Script", 0, 0, 0, 0, 0, 0, 4, 0, 0, 0, 0, 5, 4, 13
"/home/roman/X11F/source/test/sha1.d", "D", 74, 0, 0, 0, 0, 0, 0, 0, 0, 0, 0, 29, 21, 124
"/home/roman/X11F/source/test/signal-logging.d", "D", 296, 0, 0, 0, 0, 0, 0, 0, 0, 0, 0, 50, 72, 418
"/home/roman/X11F/source/test/simple-xinit.d", "D", 174, 0, 0, 0, 0, 0, 0, 0, 0, 0, 0, 46, 41, 261
"/home/roman/X11F/source/test/string.d", "D", 35, 0, 0, 0, 0, 0, 0, 0, 0, 0, 0, 29, 13, 77
"/home/roman/X11F/source/test/sync/sync.c", "C", 0, 0, 228, 0, 0, 0, 0, 0, 0, 0, 0, 34, 47, 309
"/home/roman/X11F/source/test/test_xkb.d", "D", 109, 0, 0, 0, 0, 0, 0, 0, 0, 0, 0, 60, 26, 195
"/home/roman/X11F/source/test/tests-common.d", "D", 38, 0, 0, 0, 0, 0, 0, 0, 0, 0, 0, 0, 5, 43
"/home/roman/X11F/source/test/tests.d", "D", 41, 0, 0, 0, 0, 0, 0, 0, 0, 0, 0, 0, 9, 50
"/home/roman/X11F/source/test/touch.d", "D", 216, 0, 0, 0, 0, 0, 0, 0, 0, 0, 0, 37, 64, 317
"/home/roman/X11F/source/test/xfree86.d", "D", 72, 0, 0, 0, 0, 0, 0, 0, 0, 0, 0, 24, 21, 117
"/home/roman/X11F/source/test/xi1/protocol-xchangedevicecontrol.c", "C", 0, 0, 73, 0, 0, 0, 0, 0, 0, 0, 0, 30, 28, 131
"/home/roman/X11F/source/test/xi2/protocol-common.c", "C", 0, 0, 248, 0, 0, 0, 0, 0, 0, 0, 0, 46, 55, 349
"/home/roman/X11F/source/test/xi2/protocol-common.h", "C++", 0, 47, 0, 0, 0, 0, 0, 0, 0, 0, 0, 66, 20, 133
"/home/roman/X11F/source/test/xi2/protocol-eventconvert.c", "C", 0, 0, 990, 0, 0, 0, 0, 0, 0, 0, 0, 36, 194, 1220
"/home/roman/X11F/source/test/xi2/protocol-xigetclientpointer.c", "C", 0, 0, 102, 0, 0, 0, 0, 0, 0, 0, 0, 26, 37, 165
"/home/roman/X11F/source/test/xi2/protocol-xigetselectedevents.c", "C", 0, 0, 143, 0, 0, 0, 0, 0, 0, 0, 0, 50, 49, 242
"/home/roman/X11F/source/test/xi2/protocol-xipassivegrabdevice.c", "C", 0, 0, 173, 0, 0, 0, 0, 0, 0, 0, 0, 45, 58, 276
"/home/roman/X11F/source/test/xi2/protocol-xiquerydevice.c", "C", 0, 0, 252, 0, 0, 0, 0, 0, 0, 0, 0, 39, 61, 352
"/home/roman/X11F/source/test/xi2/protocol-xiquerypointer.c", "C", 0, 0, 140, 0, 0, 0, 0, 0, 0, 0, 0, 27, 46, 213
"/home/roman/X11F/source/test/xi2/protocol-xiqueryversion.c", "C", 0, 0, 187, 0, 0, 0, 0, 0, 0, 0, 0, 57, 64, 308
"/home/roman/X11F/source/test/xi2/protocol-xiselectevents.c", "C", 0, 0, 236, 0, 0, 0, 0, 0, 0, 0, 0, 94, 58, 388
"/home/roman/X11F/source/test/xi2/protocol-xisetclientpointer.c", "C", 0, 0, 78, 0, 0, 0, 0, 0, 0, 0, 0, 41, 31, 150
"/home/roman/X11F/source/test/xi2/protocol-xiwarppointer.c", "C", 0, 0, 132, 0, 0, 0, 0, 0, 0, 0, 0, 31, 42, 205
"/home/roman/X11F/source/test/xi2/xi2.c", "C", 0, 0, 99, 0, 0, 0, 0, 0, 0, 0, 0, 29, 31, 159
"/home/roman/X11F/source/test/xtest.d", "D", 102, 0, 0, 0, 0, 0, 0, 0, 0, 0, 0, 34, 25, 161
"/home/roman/X11F/source/xfixes/cursor.d", "D", 662, 0, 0, 0, 0, 0, 0, 0, 0, 0, 0, 103, 146, 911
"/home/roman/X11F/source/xfixes/disconnect.d", "D", 50, 0, 0, 0, 0, 0, 0, 0, 0, 0, 0, 43, 22, 115
"/home/roman/X11F/source/xfixes/region.d", "D", 567, 0, 0, 0, 0, 0, 0, 0, 0, 0, 0, 22, 145, 734
"/home/roman/X11F/source/xfixes/saveset.d", "D", 36, 0, 0, 0, 0, 0, 0, 0, 0, 0, 0, 21, 7, 64
"/home/roman/X11F/source/xfixes/select.d", "D", 207, 0, 0, 0, 0, 0, 0, 0, 0, 0, 0, 33, 31, 271
"/home/roman/X11F/source/xfixes/xfixes.d", "D", 172, 0, 0, 0, 0, 0, 0, 0, 0, 0, 0, 51, 31, 254
"/home/roman/X11F/source/xfixes/xfixesint.d", "D", 61, 0, 0, 0, 0, 0, 0, 0, 0, 0, 0, 57, 53, 171
"/home/roman/X11F/source/xkb/XKBAlloc.d", "D", 287, 0, 0, 0, 0, 0, 0, 0, 0, 0, 0, 34, 34, 355
"/home/roman/X11F/source/xkb/XKBGAlloc.d", "D", 677, 0, 0, 0, 0, 0, 0, 0, 0, 0, 0, 59, 87, 823
"/home/roman/X11F/source/xkb/XKBMAlloc.d", "D", 759, 0, 0, 0, 0, 0, 0, 0, 0, 0, 0, 51, 49, 859
"/home/roman/X11F/source/xkb/XKBMisc.d", "D", 714, 0, 0, 0, 0, 0, 0, 0, 0, 0, 0, 53, 67, 834
"/home/roman/X11F/source/xkb/ddxBeep.d", "D", 257, 0, 0, 0, 0, 0, 0, 0, 0, 0, 0, 64, 27, 348
"/home/roman/X11F/source/xkb/ddxCtrls.d", "D", 44, 0, 0, 0, 0, 0, 0, 0, 0, 0, 0, 29, 11, 84
"/home/roman/X11F/source/xkb/ddxKillSrv.d", "D", 15, 0, 0, 0, 0, 0, 0, 0, 0, 0, 0, 28, 7, 50
"/home/roman/X11F/source/xkb/ddxLEDs.d", "D", 35, 0, 0, 0, 0, 0, 0, 0, 0, 0, 0, 29, 9, 73
"/home/roman/X11F/source/xkb/ddxLoad.d", "D", 406, 0, 0, 0, 0, 0, 0, 0, 0, 0, 0, 52, 90, 548
"/home/roman/X11F/source/xkb/ddxPrivate.d", "D", 10, 0, 0, 0, 0, 0, 0, 0, 0, 0, 0, 1, 6, 17
"/home/roman/X11F/source/xkb/ddxVT.d", "D", 13, 0, 0, 0, 0, 0, 0, 0, 0, 0, 0, 28, 6, 47
"/home/roman/X11F/source/xkb/maprules.d", "D", 851, 0, 0, 0, 0, 0, 0, 0, 0, 0, 0, 41, 91, 983
"/home/roman/X11F/source/xkb/xkb-procs.d", "D", 29, 0, 0, 0, 0, 0, 0, 0, 0, 0, 0, 0, 4, 33
"/home/roman/X11F/source/xkb/xkb.d", "D", 5853, 0, 0, 0, 0, 0, 0, 0, 0, 0, 0, 173, 771, 6797
"/home/roman/X11F/source/xkb/xkbAccessX.d", "D", 567, 0, 0, 0, 0, 0, 0, 0, 0, 0, 0, 141, 85, 793
"/home/roman/X11F/source/xkb/xkbActions.d", "D", 1345, 0, 0, 0, 0, 0, 0, 0, 0, 0, 0, 116, 168, 1629
"/home/roman/X11F/source/xkb/xkbDflts.d", "D", 436, 0, 0, 0, 0, 0, 0, 0, 0, 0, 0, 2, 30, 468
"/home/roman/X11F/source/xkb/xkbEvents.d", "D", 871, 0, 0, 0, 0, 0, 0, 0, 0, 0, 0, 62, 103, 1036
"/home/roman/X11F/source/xkb/xkbInit.d", "D", 659, 0, 0, 0, 0, 0, 0, 0, 0, 0, 0, 53, 101, 813
"/home/roman/X11F/source/xkb/xkbLEDs.d", "D", 698, 0, 0, 0, 0, 0, 0, 0, 0, 0, 0, 184, 115, 997
"/home/roman/X11F/source/xkb/xkbPrKeyEv.d", "D", 141, 0, 0, 0, 0, 0, 0, 0, 0, 0, 0, 43, 22, 206
"/home/roman/X11F/source/xkb/xkbUtils.d", "D", 1722, 0, 0, 0, 0, 0, 0, 0, 0, 0, 0, 137, 233, 2092
"/home/roman/X11F/source/xkb/xkbfile_priv.d", "D", 22, 0, 0, 0, 0, 0, 0, 0, 0, 0, 0, 18, 6, 46
"/home/roman/X11F/source/xkb/xkbfmisc.d", "D", 324, 0, 0, 0, 0, 0, 0, 0, 0, 0, 0, 35, 30, 389
"/home/roman/X11F/source/xkb/xkbfmisc_priv.d", "D", 14, 0, 0, 0, 0, 0, 0, 0, 0, 0, 0, 54, 12, 80
"/home/roman/X11F/source/xkb/xkbgeom_priv.d", "D", 259, 0, 0, 0, 0, 0, 0, 0, 0, 0, 0, 31, 61, 351
"/home/roman/X11F/source/xkb/xkbout.d", "D", 797, 0, 0, 0, 0, 0, 0, 0, 0, 0, 0, 32, 65, 894
"/home/roman/X11F/source/xkb/xkbout_priv.d", "D", 11, 0, 0, 0, 0, 0, 0, 0, 0, 0, 0, 7, 6, 24
"/home/roman/X11F/source/xkb/xkbrules_priv.d", "D", 53, 0, 0, 0, 0, 0, 0, 0, 0, 0, 0, 6, 13, 72
"/home/roman/X11F/source/xkb/xkbsrv_priv.d", "D", 185, 0, 0, 0, 0, 0, 0, 0, 0, 0, 0, 33, 41, 259
"/home/roman/X11F/source/xkb/xkbtext.d", "D", 1153, 0, 0, 0, 0, 0, 0, 0, 0, 0, 0, 41, 114, 1308
"/home/roman/X11F/source/xkb/xkbtext_priv.d", "D", 26, 0, 0, 0, 0, 0, 0, 0, 0, 0, 0, 6, 6, 38
"/home/roman/X11F/source/xkb/xkmread.d", "D", 1118, 0, 0, 0, 0, 0, 0, 0, 0, 0, 0, 58, 85, 1261
"Total", "-", 265338, 23765, 55872, 525, 83, 13730, 374, 511, 3716, 3017, 29, 80397, 71302, 518659